relative_path,source,label,licence,commercial_eligible,provenance_reviewed,split,duration_seconds,sha256
crowd/crowd_001.wav,legacy-local-raw-unverified,crowd,UNVERIFIED,false,false,unassigned,21.673,be3b13325a6b586cc90c4468cca95785ced9766146375d9fde77cddc2359a442
crowd/crowd_0010.wav,legacy-local-raw-unverified,crowd,UNVERIFIED,false,false,unassigned,22.534,415db25b9c26c55d647225145f96d47bc2c443d8556485c4275ba93d7cb36194
crowd/crowd_0011.wav,legacy-local-raw-unverified,crowd,UNVERIFIED,false,false,unassigned,22.534,0773a2b811e0d3434488e8723983509b7ff5cb5364205414fdb98c3e06de22b2
crowd/crowd_0012.wav,legacy-local-raw-unverified,crowd,UNVERIFIED,false,false,unassigned,19.799,1dd3b6e12a54b25604f460803b367b13320160f4b9d84bba1438d64f186d2e0b
crowd/crowd_0013.wav,legacy-local-raw-unverified,crowd,UNVERIFIED,false,false,unassigned,18.626,37c13684a5be3061ffca7dcefafdf59c8ea0aa1ae627ecd0bfc4968514284c62
crowd/crowd_0014.wav,legacy-local-raw-unverified,crowd,UNVERIFIED,false,false,unassigned,17.845,f300c1e31eb706f22ee4f5deff563f1ebcae7e5d851e5844848332724454e052
crowd/crowd_0015.wav,legacy-local-raw-unverified,crowd,UNVERIFIED,false,false,unassigned,16.672,771f54f7d1b5c2dcbfcadc0ed60470b10b284ad85a24c145dc5f01efce7aae52
crowd/crowd_0016.wav,legacy-local-raw-unverified,crowd,UNVERIFIED,false,false,unassigned,3.552,61841c3c419813fe73598b8a6663bf147493c2cf4888155de74b2a263cd52f00
crowd/crowd_0017.wav,legacy-local-raw-unverified,crowd,UNVERIFIED,false,false,unassigned,2.887,6cf4074305db23c989c58289541f64e8cc05acf682189deb241a01df6ec43ffe
crowd/crowd_0018.wav,legacy-local-raw-unverified,crowd,UNVERIFIED,false,false,unassigned,3.039,7215aac442ef1363792a595f88917c9e810984fc667bf7742617bf9897f0c99e
crowd/crowd_0019.wav,legacy-local-raw-unverified,crowd,UNVERIFIED,false,false,unassigned,2.887,b5e7c046b2a2137e6956965761fbb8630fe5ab4bfb995e6e15006b554f99643a
crowd/crowd_002.wav,legacy-local-raw-unverified,crowd,UNVERIFIED,false,false,unassigned,33.112,db664855d3e5cde60a46b4c7451b2adda92b264c145d9058864aa9645c3e87e4
crowd/crowd_0020.wav,legacy-local-raw-unverified,crowd,UNVERIFIED,false,false,unassigned,3.799,92659bf0fb24ecea4477c8dd01e566363d421a9a442b0ee01543c1c09695d3ec
crowd/crowd_0021.wav,legacy-local-raw-unverified,crowd,UNVERIFIED,false,false,unassigned,3.818,3b0af3579c9f37313e48a6cd5f2ea2f82591e7ddb435b63385a469afa7460c1a
crowd/crowd_0022.wav,legacy-local-raw-unverified,crowd,UNVERIFIED,false,false,unassigned,1.863,8207bc70cd594485f206c3edaefe793be72d9279a0c35cd5e2acdc1e71f9a6b4
crowd/crowd_0023.wav,legacy-local-raw-unverified,crowd,UNVERIFIED,false,false,unassigned,1.417,0d0630d6805f7c1a0783a789b09153160b3301aebc151822e07f830ddacaec5f
crowd/crowd_0024.wav,legacy-local-raw-unverified,crowd,UNVERIFIED,false,false,unassigned,1.329,5ed4bf722bcdb9351b3fe4fedb71459a9650e0d74d600ae2c8f243e6db565e84
crowd/crowd_0025.wav,legacy-local-raw-unverified,crowd,UNVERIFIED,false,false,unassigned,1.640,c6e6283a8ea191fd1308ca71380008ab09dc96217b451c6515597fbf6557e6ce
crowd/crowd_0026.wav,legacy-local-raw-unverified,crowd,UNVERIFIED,false,false,unassigned,1.911,cca4f3ab44ab5eb31aa3196c7d77003ea562eaae65d85c0fa54f046eaa72a91b
crowd/crowd_0027.wav,legacy-local-raw-unverified,crowd,UNVERIFIED,false,false,unassigned,1.533,a14231e6e7bd1e649a2ceb45a423cd2cb0979ca2997cb337bba52d7f2d262fdb
crowd/crowd_0028.wav,legacy-local-raw-unverified,crowd,UNVERIFIED,false,false,unassigned,0.970,a21504feed2202d650b05579f01b3174f9648200a7df87d20112e4bd46caaed3
crowd/crowd_0029.wav,legacy-local-raw-unverified,crowd,UNVERIFIED,false,false,unassigned,4.297,5607c70da976b7de7ec53c42504946c74eae13591a3d4fe41c103a9bb4bc14dc
crowd/crowd_003.wav,legacy-local-raw-unverified,crowd,UNVERIFIED,false,false,unassigned,19.988,733b6b5c06c21defb820fbd4547425aa963f0597f5aa6c3857ba81b634833520
crowd/crowd_0030.wav,legacy-local-raw-unverified,crowd,UNVERIFIED,false,false,unassigned,3.764,2eee0cf28ba7af61d387ca37228cbb1e8619a1e912017c11f8d119c118b681ba
crowd/crowd_0031.wav,legacy-local-raw-unverified,crowd,UNVERIFIED,false,false,unassigned,3.356,87175428f029f0d1b816f1d74a904d1c9df039e4ed4e29c2cab918e3617eb4c4
crowd/crowd_0032.wav,legacy-local-raw-unverified,crowd,UNVERIFIED,false,false,unassigned,4.014,762049099a70382afd30beb6ac932de706a16afb6032d4950764c775b521fad3
crowd/crowd_0033.wav,legacy-local-raw-unverified,crowd,UNVERIFIED,false,false,unassigned,4.297,fe5fa19f5784a14eab3739b3c57f6cf4cf7ad7f640bdfa91898432fb52bd924c
crowd/crowd_0034.wav,legacy-local-raw-unverified,crowd,UNVERIFIED,false,false,unassigned,3.920,2e39b8a8d32365537a5f477f095bac5d9a4367793d235e5100f267dbd41d6adf
crowd/crowd_0035.wav,legacy-local-raw-unverified,crowd,UNVERIFIED,false,false,unassigned,1.809,852f4d102c0030d32703fac281455408fd9a2dc63f919f8af1082771e009fdfa
crowd/crowd_0036.wav,legacy-local-raw-unverified,crowd,UNVERIFIED,false,false,unassigned,1.774,36e40339f8a0416219a533f2444ef448ef292bc964d7548a7a61018da4da4396
crowd/crowd_0037.wav,legacy-local-raw-unverified,crowd,UNVERIFIED,false,false,unassigned,2.088,65912d282df30454e453460d76b72e3bd3226e671f15961395d91235c23cfdf4
crowd/crowd_0038.wav,legacy-local-raw-unverified,crowd,UNVERIFIED,false,false,unassigned,1.791,580717dd4f387ef6b28ad04a5a0293ab01f37bdf9b645e1a0c6ab14d454fbd95
crowd/crowd_0039.wav,legacy-local-raw-unverified,crowd,UNVERIFIED,false,false,unassigned,1.870,9751ec6d12f65cd71853cf5091c174bb234b684442e046a1aad632c3a8db7be1
crowd/crowd_004.wav,legacy-local-raw-unverified,crowd,UNVERIFIED,false,false,unassigned,18.663,5d64e74151904a9f2807d1e1c823fd0536a4e42a51838aef683c054b512c0fb7
crowd/crowd_0040.wav,legacy-local-raw-unverified,crowd,UNVERIFIED,false,false,unassigned,5.152,6bba69039c05da6e7f9f9c4c88b42645970c7852a7d9b5984b49afc9a90ba101
crowd/crowd_0041.wav,legacy-local-raw-unverified,crowd,UNVERIFIED,false,false,unassigned,4.537,fce632d3cc45a6e7eddda567bf804edbc5299407e6dfe28fd3f5be229880e120
crowd/crowd_0042.wav,legacy-local-raw-unverified,crowd,UNVERIFIED,false,false,unassigned,3.981,583943273b66bc14dfb44f7f5503bb9c3d46b1d936278dd2457063e97ce5d6b1
crowd/crowd_0043.wav,legacy-local-raw-unverified,crowd,UNVERIFIED,false,false,unassigned,3.922,3f0e2ae7d34682f06dea6c6edc15c282589c9a7208885d3835b4ba5bfd72b22c
crowd/crowd_0044.wav,legacy-local-raw-unverified,crowd,UNVERIFIED,false,false,unassigned,4.186,d791db039988a15421b7471f9894d3fe61611d7d8c2492d9cba0de1b4ddd3b72
crowd/crowd_0045.wav,legacy-local-raw-unverified,crowd,UNVERIFIED,false,false,unassigned,4.888,8b6c177022827490d698be7b3df9015828e039d991799f1fee9f8db7dfe378ca
crowd/crowd_0046.wav,legacy-local-raw-unverified,crowd,UNVERIFIED,false,false,unassigned,5.005,5b710c8767447cec320d2b4fce84e4a0340556541a5f783e58c74edcf17be466
crowd/crowd_0047.wav,legacy-local-raw-unverified,crowd,UNVERIFIED,false,false,unassigned,4.447,96f5d52baae394b7918a9db4a654a5e0d738f4ee69f433a4ea83da0c4623f906
crowd/crowd_0048.wav,legacy-local-raw-unverified,crowd,UNVERIFIED,false,false,unassigned,5.477,bbd9847f6157a9e19def4cc1ec8ef59714e7830ac37b362b85fe37bf9d9d6e5c
crowd/crowd_0049.wav,legacy-local-raw-unverified,crowd,UNVERIFIED,false,false,unassigned,4.494,bf89f07f6bc553d78ac0d80247fc784605fb812f80b1b2f3943d8c0220e3ca6a
crowd/crowd_005.wav,legacy-local-raw-unverified,crowd,UNVERIFIED,false,false,unassigned,7.805,87b6d82cdc74db4dbd3e352822fc112f600ecb80a595c18268a389be8f8a26d4
crowd/crowd_006.wav,legacy-local-raw-unverified,crowd,UNVERIFIED,false,false,unassigned,9.803,3ed8a73c0d73489c693bd5161af0893b1aece82bcc5105d0000d52fcb4c1d5ea
crowd/crowd_007.wav,legacy-local-raw-unverified,crowd,UNVERIFIED,false,false,unassigned,8.328,378cd4cd45551e44c24e6e52f3e1402f7b91b589a103dafa17c1fc0ac11561a8
crowd/crowd_008.wav,legacy-local-raw-unverified,crowd,UNVERIFIED,false,false,unassigned,7.424,c2beacd88f07dc006f815be320c27041b67ec1dccbbe56fbc799be1d5036017b
crowd/crowd_009.wav,legacy-local-raw-unverified,crowd,UNVERIFIED,false,false,unassigned,7.947,dba03225cee64e32da353ea34dab06c0504b27131df0997f515549c1d9b7ca21
glass/1-20133-A-39.wav,legacy-local-raw-unverified,glass,UNVERIFIED,false,false,unassigned,5.000,db6946133c37fbd4513fe932dbb71e0b077bf7d240beaed339eb6c88e48c903b
glass/1-84536-A-39.wav,legacy-local-raw-unverified,glass,UNVERIFIED,false,false,unassigned,5.000,79efba4c0c54acadc88783e83b428fc9c430db94515b25339a6b5598e2ade0c0
glass/1-84704-A-39.wav,legacy-local-raw-unverified,glass,UNVERIFIED,false,false,unassigned,5.000,c3e1abf0273f02b5f89e7d51cb890f3ad1575dc55fe1023650b0860b6f3abd15
glass/1-84705-A-39.wav,legacy-local-raw-unverified,glass,UNVERIFIED,false,false,unassigned,5.000,e8cc52dd91213cd69031e10c0fe15f77230f588ececb13cc7c906c43ece32336
glass/1-85168-A-39.wav,legacy-local-raw-unverified,glass,UNVERIFIED,false,false,unassigned,5.000,08fcf5a7656cc1c824122aba2a7dd1107130a0f9d6f3e3b73e7d06575b246ed5
glass/1-85184-A-39.wav,legacy-local-raw-unverified,glass,UNVERIFIED,false,false,unassigned,5.000,aafacfae6a441ba21f4c76a11042726f933272709a099a54a15a905a1d65b837
glass/1-88807-A-39.wav,legacy-local-raw-unverified,glass,UNVERIFIED,false,false,unassigned,5.000,e5c368173342c2acba450c7d3116fac74fcec86bc8dc26055c6da7ebc509d191
glass/1-977-A-39.wav,legacy-local-raw-unverified,glass,UNVERIFIED,false,false,unassigned,5.000,67c88e07db9e2dd7a7551f0c5b99da315ce7df041f83ed57b479d8fda8fbfe27
glass/2-106881-A-39.wav,legacy-local-raw-unverified,glass,UNVERIFIED,false,false,unassigned,5.000,e54a661c1fff8150b7c34d54da1686a18eaeaaf454394b866a251ceb68e3f886
glass/2-112213-A-39.wav,legacy-local-raw-unverified,glass,UNVERIFIED,false,false,unassigned,5.000,a6b60fb2268d7f0ceda0ff6f798d2d51b4ceb08218b3ac5ca91980a42d9c706b
glass/2-112213-B-39.wav,legacy-local-raw-unverified,glass,UNVERIFIED,false,false,unassigned,5.000,d1d705535a4506b6e7f94c8ebff688bc0aa8bc115b42e8daf13542bec4f90ac7
glass/2-141563-A-39.wav,legacy-local-raw-unverified,glass,UNVERIFIED,false,false,unassigned,5.000,3ef4dae6a116b3d18a0f9f18d4373f0247debb168b0718eee89c0a30a38890c7
glass/2-173559-A-39.wav,legacy-local-raw-unverified,glass,UNVERIFIED,false,false,unassigned,5.000,e60d74d17651551cb82e4fd8a542ceae3f278da1a6b4393fe9e704c786ff4125
glass/2-173607-A-39.wav,legacy-local-raw-unverified,glass,UNVERIFIED,false,false,unassigned,5.000,55cc07864f3f8195e51bbdf10fda1601df6b5ff0d5f486a356d79b60c0beb3d6
glass/2-173618-A-39.wav,legacy-local-raw-unverified,glass,UNVERIFIED,false,false,unassigned,5.000,9170ecdc0903514ded47782447d6f0828d752ebc9765fa0cb257f869529dd830
glass/2-250710-A-39.wav,legacy-local-raw-unverified,glass,UNVERIFIED,false,false,unassigned,5.000,ca0b7286ded500bd1f1928ef96ad5c35704bec66a790181afeb17ec7d995dbac
glass/3-203371-A-39.wav,legacy-local-raw-unverified,glass,UNVERIFIED,false,false,unassigned,5.000,60a600ff3e1ac00b41c60b0e3979ee8b1b46ebfcbc370523389094e4fbda415b
glass/3-203373-A-39.wav,legacy-local-raw-unverified,glass,UNVERIFIED,false,false,unassigned,5.000,beb0605537f3fe20e98b54f19f20842d92b7a95f9408dee41e620a8955b33111
glass/3-203374-A-39.wav,legacy-local-raw-unverified,glass,UNVERIFIED,false,false,unassigned,5.000,d2d0b97a0ad01b927a83605cd4e5cc988c4b868e1e01a4fa874563c038e16473
glass/3-203375-A-39.wav,legacy-local-raw-unverified,glass,UNVERIFIED,false,false,unassigned,5.000,b6a987feb4855cf91f55498dcc04bee4fd0f8ed06290d451ce37a07fff230feb
glass/3-203377-A-39.wav,legacy-local-raw-unverified,glass,UNVERIFIED,false,false,unassigned,5.000,66c6c338f75f509754b454cedae44597f70c97a44f79a3079da0183a63e34562
glass/3-216280-A-39.wav,legacy-local-raw-unverified,glass,UNVERIFIED,false,false,unassigned,5.000,2ff2076e898eb818ee6ce5edb615126500b72f6c2fb525ea6bd411d73f8ca580
glass/3-216281-A-39.wav,legacy-local-raw-unverified,glass,UNVERIFIED,false,false,unassigned,5.000,6f0ae114a872f560946a6a45d474f2b9e0664325ac5b236bc396723ecfbcb5ff
glass/3-216284-A-39.wav,legacy-local-raw-unverified,glass,UNVERIFIED,false,false,unassigned,5.000,b494fb47b9afd88715976c1476e6115024b8869681a293ea761fea72a03abf3e
glass/4-204115-A-39.wav,legacy-local-raw-unverified,glass,UNVERIFIED,false,false,unassigned,5.000,3d4a520122727b384d55738c254f33103e1eee73152f4c45893736089915eff9
glass/4-204119-A-39.wav,legacy-local-raw-unverified,glass,UNVERIFIED,false,false,unassigned,5.000,2fbc4acd76fa931f8461c3370eeef3e417b1ea28da20eff7874d4b4e2177fc41
glass/4-204121-A-39.wav,legacy-local-raw-unverified,glass,UNVERIFIED,false,false,unassigned,5.000,ad42b3c91dd21d4f3a8238290c20dac179e7a7674320dab7029c5b111116d1d1
glass/4-204123-A-39.wav,legacy-local-raw-unverified,glass,UNVERIFIED,false,false,unassigned,5.000,a35fd2223acb65ae87ab1e3ad4c774e8cda44a5482b639f11b6aa0d8065b4a7a
glass/4-204777-A-39.wav,legacy-local-raw-unverified,glass,UNVERIFIED,false,false,unassigned,5.000,872608ee9201b147b13b9cdc871558b39368bd09d3eb7dc469544866e414c0f8
glass/4-204777-B-39.wav,legacy-local-raw-unverified,glass,UNVERIFIED,false,false,unassigned,5.000,98b930c2e4028e80749d82616ccba7640e58650a9ccf7770a77f814e3b2dcd24
glass/4-204777-C-39.wav,legacy-local-raw-unverified,glass,UNVERIFIED,false,false,unassigned,5.000,88bbd7af8f04d1b46f9e0c13a304223efea777c1dd908564b8eff73b9774477b
glass/4-212698-A-39.wav,legacy-local-raw-unverified,glass,UNVERIFIED,false,false,unassigned,5.000,4491d08becad3c0074b46fbe25eeb7536a458036ecd5eed77f5709ed77313ef8
glass/5-221528-A-39.wav,legacy-local-raw-unverified,glass,UNVERIFIED,false,false,unassigned,5.000,f4796e4ec53c1dee2257365e58ff5ab75cf37d9a813f07b681927e85ee472cde
glass/5-221529-A-39.wav,legacy-local-raw-unverified,glass,UNVERIFIED,false,false,unassigned,5.000,3863f5097117a5eebbb75ca1a9eddd13fb2cd735542313fe5aa88c940db6a758
glass/5-233605-A-39.wav,legacy-local-raw-unverified,glass,UNVERIFIED,false,false,unassigned,5.000,ae86e74bf03c69cb2c2962b7327b5524dda7d531e553b9fab91a375de5299bff
glass/5-233607-A-39.wav,legacy-local-raw-unverified,glass,UNVERIFIED,false,false,unassigned,5.000,c2988d2ecd448a3e27bc80a248355a5d3bb85c769ec25f37fda4b9ec990c94dc
glass/5-257642-A-39.wav,legacy-local-raw-unverified,glass,UNVERIFIED,false,false,unassigned,5.000,a93747921a23b090d444c7ecc57adace2d856abbe18c038bd52773a57512613b
glass/5-260432-A-39.wav,legacy-local-raw-unverified,glass,UNVERIFIED,false,false,unassigned,5.000,e1da0f73ebaca89112dfd6aff25d154c08961aab7eeea5ed033223d6cabfaef0
glass/5-260433-A-39.wav,legacy-local-raw-unverified,glass,UNVERIFIED,false,false,unassigned,5.000,04a46ed54d5159b4afa7015d9799901a2806f3012507fa6bc923e23124efcdfc
glass/5-260434-A-39.wav,legacy-local-raw-unverified,glass,UNVERIFIED,false,false,unassigned,5.000,92d7ac3de371429d81338c1233cadfbcfb3873253c005f2f6aa4be7dce8a014e
gunshot/102305-6-0-0.wav,legacy-local-raw-unverified,gunshot,UNVERIFIED,false,false,unassigned,2.610,95c157ec8801ab5a01e38c560592f98303769971425ccc0396841010c9ff67ab
gunshot/106955-6-0-0.wav,legacy-local-raw-unverified,gunshot,UNVERIFIED,false,false,unassigned,1.150,7f6e69bc296db4d3e32afffd99c07f15f2345602c48d7ec9fe423b3b3ddf7c30
gunshot/110622-6-0-0.wav,legacy-local-raw-unverified,gunshot,UNVERIFIED,false,false,unassigned,1.500,d81d3dc2e0c0aafd334c82539d693975391b98a59989b0aa5b76db9dcfea266f
gunshot/111048-6-0-0.wav,legacy-local-raw-unverified,gunshot,UNVERIFIED,false,false,unassigned,1.310,4489c1224fa2524c50ea339e412dcac3a07862d87e69abacdca435e4bba2c44d
gunshot/122690-6-0-0.wav,legacy-local-raw-unverified,gunshot,UNVERIFIED,false,false,unassigned,3.146,d9b93ce68b6c1a87f8e06357c38a4f03e784f5d6ed4e3fdf183a6487ae81ff20
gunshot/131571-6-0-0.wav,legacy-local-raw-unverified,gunshot,UNVERIFIED,false,false,unassigned,1.900,740df41666010d89b35a917664edd447a8ac94b648559a14291e8bac68539779
gunshot/133797-6-0-0.wav,legacy-local-raw-unverified,gunshot,UNVERIFIED,false,false,unassigned,1.408,e33f3d375f905168adabfb59275c42e5abfdfb363786c3b314885b8008aff523
gunshot/133797-6-1-0.wav,legacy-local-raw-unverified,gunshot,UNVERIFIED,false,false,unassigned,1.950,eb0d292bd15e19d39021613d2da106c76870fe05d870c46affe1639731263cea
gunshot/133797-6-2-0.wav,legacy-local-raw-unverified,gunshot,UNVERIFIED,false,false,unassigned,1.769,0175b772784095bc876891ac3eddea9d70385b325939d48cb9f66f8037c8640c
gunshot/135526-6-0-0.wav,legacy-local-raw-unverified,gunshot,UNVERIFIED,false,false,unassigned,1.475,90d533059136806ffb487d39535211a2b496ae28e1265ba6ae2de011430e95e7
gunshot/135526-6-1-0.wav,legacy-local-raw-unverified,gunshot,UNVERIFIED,false,false,unassigned,1.450,d7e367bccd10fd709d0d9ac6b04075954d2f71769cdbb6ae17b980f339de4df8
gunshot/135526-6-10-0.wav,legacy-local-raw-unverified,gunshot,UNVERIFIED,false,false,unassigned,2.610,1820f28c98e5abb2c22a2c3cb7828f7f1e62954f3182bb4b61036a2e0de149b6
gunshot/135526-6-11-0.wav,legacy-local-raw-unverified,gunshot,UNVERIFIED,false,false,unassigned,2.390,8ef34fac6c341313ac8613caaaf823702f8c56db89434f79cc99650426350e55
gunshot/135526-6-12-0.wav,legacy-local-raw-unverified,gunshot,UNVERIFIED,false,false,unassigned,2.680,e090915ef44fd63c26fdfbcc60d6f5f5e2b1c6db184bf9f200ebdbcfbd991d09
gunshot/135526-6-13-0.wav,legacy-local-raw-unverified,gunshot,UNVERIFIED,false,false,unassigned,0.556,a2d83d3e8b77ece3acd19987d7d402a5ce48567ba5a99525db585c86bad7c74b
gunshot/135526-6-2-0.wav,legacy-local-raw-unverified,gunshot,UNVERIFIED,false,false,unassigned,2.588,db8335dc90c03ae7569a6e0526efc55215853ca6c6e520d93b56dd54822d88b3
gunshot/135526-6-3-0.wav,legacy-local-raw-unverified,gunshot,UNVERIFIED,false,false,unassigned,1.520,3a0eafd101405bacef40b54264f77e4417b84a707ae04fbaa231ebf94886bc61
gunshot/135526-6-4-0.wav,legacy-local-raw-unverified,gunshot,UNVERIFIED,false,false,unassigned,1.790,54fa2ead3e63bd1c7c3b32d504d8ef662ccd4992f4711397208adc6abae006f5
gunshot/135526-6-5-0.wav,legacy-local-raw-unverified,gunshot,UNVERIFIED,false,false,unassigned,2.298,1258ae4e4f88a77702c2ce0cad5ad48ec24b1ae51e00f9579f2c702da1cb2d09
gunshot/135526-6-6-0.wav,legacy-local-raw-unverified,gunshot,UNVERIFIED,false,false,unassigned,2.200,d63965a63c736bbc0fea150084cd1b0a3af6c7be52c58a39618b4c6cd31e60d2
gunshot/135526-6-7-0.wav,legacy-local-raw-unverified,gunshot,UNVERIFIED,false,false,unassigned,2.056,33deb881cd032471d34fa50c33f0f7b9f6aadf401f289c10b7090c6abd2def0a
gunshot/135526-6-8-0.wav,legacy-local-raw-unverified,gunshot,UNVERIFIED,false,false,unassigned,1.860,589b037380cb48960b3a9df6efc9d21e4ce5cd59981759d8cebfc250c9aab0d5
gunshot/135526-6-9-0.wav,legacy-local-raw-unverified,gunshot,UNVERIFIED,false,false,unassigned,1.980,a003caa3fbb12fd0f83ff4a099a6ee0c4daa2da76d035728c7f3c74a766c1ff0
gunshot/135527-6-0-0.wav,legacy-local-raw-unverified,gunshot,UNVERIFIED,false,false,unassigned,1.280,90d6d94caa3dd0c4ae268df7242c22dce058a9fef89898b7b9f0d9310788f9f8
gunshot/135527-6-1-0.wav,legacy-local-raw-unverified,gunshot,UNVERIFIED,false,false,unassigned,3.230,2724d537586cde786aa0c077812f1e70d0db6836bd3394a6625d5ca81ee9fed9
gunshot/135527-6-10-0.wav,legacy-local-raw-unverified,gunshot,UNVERIFIED,false,false,unassigned,0.850,978d31e1b11bdae29c286fc3576889ae585c4dfe09d97d0c98ac6d7497544094
gunshot/135527-6-11-0.wav,legacy-local-raw-unverified,gunshot,UNVERIFIED,false,false,unassigned,1.890,3132f0b435238e8ee5f45a3d30e6ad196d49c3d64b973dbd2c4f35c174ef26a2
gunshot/135527-6-12-0.wav,legacy-local-raw-unverified,gunshot,UNVERIFIED,false,false,unassigned,1.950,bed5e21beb36e62a78646a1c263333c4d4c3413ecbb7654a038bd25c602637e5
gunshot/135527-6-13-0.wav,legacy-local-raw-unverified,gunshot,UNVERIFIED,false,false,unassigned,1.707,6fc343ad88cb634a279d65ce8fbc093c6d3075d259f3403c44c78aaa2564a281
gunshot/135527-6-14-0.wav,legacy-local-raw-unverified,gunshot,UNVERIFIED,false,false,unassigned,4.000,882d5c370bc064be713c9a31bfa25482a2a512b18f42e8a8fd32386be98a821b
gunshot/135527-6-14-1.wav,legacy-local-raw-unverified,gunshot,UNVERIFIED,false,false,unassigned,4.000,3751c7cbf23b12265e708685a63f3b77c7a80612eda3232ab30c1b43a2513d4b
gunshot/135527-6-14-10.wav,legacy-local-raw-unverified,gunshot,UNVERIFIED,false,false,unassigned,4.000,775a18b1bde0d077e1f0adb941317be2b66a680e25fdac0a56a892dc11badee4
gunshot/135527-6-14-2.wav,legacy-local-raw-unverified,gunshot,UNVERIFIED,false,false,unassigned,4.000,e04b09583953458f78a5accf7adeaed2c32073ff59f2b9721d2ffc16f3d46cad
gunshot/135527-6-14-3.wav,legacy-local-raw-unverified,gunshot,UNVERIFIED,false,false,unassigned,4.000,1d6f38bdafcebbca8d45458f99a80986c8c381bce6a85a4c3d1a07c459e97967
gunshot/135527-6-14-4.wav,legacy-local-raw-unverified,gunshot,UNVERIFIED,false,false,unassigned,4.000,9a2673775b6522fc565adf6aa7f010b44cad70cfd6410f65c87c83bfd0159d18
gunshot/135527-6-14-5.wav,legacy-local-raw-unverified,gunshot,UNVERIFIED,false,false,unassigned,4.000,217e25b80337ff46e5f55c3dff26d4991c0856deb1db6d7e60b3e04f34a80e9c
gunshot/135527-6-14-6.wav,legacy-local-raw-unverified,gunshot,UNVERIFIED,false,false,unassigned,4.000,6039ace5161c83671b2cf5aff06df23c5c29c241dcf8e4d5e714a4f36992519d
gunshot/135527-6-14-7.wav,legacy-local-raw-unverified,gunshot,UNVERIFIED,false,false,unassigned,4.000,3fff496fbd4fca0e76ff3d3a0972d09f61130e82646f0641803a1b2cb53206c1
gunshot/135527-6-14-8.wav,legacy-local-raw-unverified,gunshot,UNVERIFIED,false,false,unassigned,4.000,6abe3e1c7c80a98385f1ffeb1a78452bdbdf7b62c1d1296330027a6ff5b6ac28
gunshot/135527-6-14-9.wav,legacy-local-raw-unverified,gunshot,UNVERIFIED,false,false,unassigned,4.000,c315159de491a81bc12167a8c7d6f37dfb919fda1811b0f736831dea8fa73d3f
gunshot/135527-6-2-0.wav,legacy-local-raw-unverified,gunshot,UNVERIFIED,false,false,unassigned,2.130,a7c618925515ff758a689f272b6a4cc10b334b7fd510e0f6a710be7f9941c241
gunshot/135527-6-3-0.wav,legacy-local-raw-unverified,gunshot,UNVERIFIED,false,false,unassigned,1.280,03965e9ddac252f9dafec57cb8ac645f75d7d8564f6411edf498a29bab9d93f0
gunshot/135527-6-4-0.wav,legacy-local-raw-unverified,gunshot,UNVERIFIED,false,false,unassigned,2.190,caa7f3f253f3af701ac09d703ce84e033c76fe9953fa469eb269b48264d4f73e
gunshot/135527-6-5-0.wav,legacy-local-raw-unverified,gunshot,UNVERIFIED,false,false,unassigned,2.256,0ad196e95b74ed5cee0fa9d01b5ee7c26e33790d95719aea215f7e09efefedd2
gunshot/135527-6-6-0.wav,legacy-local-raw-unverified,gunshot,UNVERIFIED,false,false,unassigned,2.439,061424b44f7a7f6e03cd2fe6be42fdec3688388db213048b808a721add8e0669
gunshot/135527-6-7-0.wav,legacy-local-raw-unverified,gunshot,UNVERIFIED,false,false,unassigned,2.378,c2f581ca8e3989884c5e443969c348734a5fc509096a0928b50252d98168eefc
gunshot/135527-6-8-0.wav,legacy-local-raw-unverified,gunshot,UNVERIFIED,false,false,unassigned,1.829,ef142a53de1568e4c1c41d3e2c1b94964e47589deafbeeadc1c97c774ea02263
gunshot/135527-6-9-0.wav,legacy-local-raw-unverified,gunshot,UNVERIFIED,false,false,unassigned,2.070,368e62cd4d80b68384dcb979c719f4ff414cb6446fa24ea5b3f5cbdd2272f405
gunshot/135528-6-0-0.wav,legacy-local-raw-unverified,gunshot,UNVERIFIED,false,false,unassigned,2.450,54359fd5c15666c56e439f82a548f3980c1dae527c76662d1cffd6a62e6f876f
gunshot/135528-6-1-0.wav,legacy-local-raw-unverified,gunshot,UNVERIFIED,false,false,unassigned,2.175,0c2aff1fecde0e8abe166587d78b40d31a62cb9b54f9fb5a97a413eacc7e576f
gunshot/135528-6-10-0.wav,legacy-local-raw-unverified,gunshot,UNVERIFIED,false,false,unassigned,2.119,2690c37e4d39a547718ac12e8c9d5b3e2766d47f0f2f180a2c3714cb4cb79388
gunshot/135528-6-11-0.wav,legacy-local-raw-unverified,gunshot,UNVERIFIED,false,false,unassigned,1.840,c97adc8a337594a7d4e8bf445707b53c9255cc3d2bcaac04d459020a53e37016
gunshot/135528-6-12-0.wav,legacy-local-raw-unverified,gunshot,UNVERIFIED,false,false,unassigned,2.340,f7a04a1189b66238c06057df0b41ae0c4bb8576db8c0945456eb8265c4ad540a
gunshot/135528-6-2-0.wav,legacy-local-raw-unverified,gunshot,UNVERIFIED,false,false,unassigned,4.000,ee53f91d772d8333fd6c749bf03aae2e9324bf755d2e858bd94b541443342d13
gunshot/135528-6-3-0.wav,legacy-local-raw-unverified,gunshot,UNVERIFIED,false,false,unassigned,2.840,520839b87175e630e463695fe3fcb00f1149bc20dcbb7e30c9e4c96b5e5ae9f0
gunshot/135528-6-4-0.wav,legacy-local-raw-unverified,gunshot,UNVERIFIED,false,false,unassigned,4.000,5745444feb630a65883bb1534054d71303b631b1b95ec7be1a17c755b1061103
gunshot/135528-6-4-1.wav,legacy-local-raw-unverified,gunshot,UNVERIFIED,false,false,unassigned,4.000,ee9c5ff27877bb922bb7b696b3181ff306d8b170b2068a9c724e5c320cea5a98
gunshot/135528-6-4-2.wav,legacy-local-raw-unverified,gunshot,UNVERIFIED,false,false,unassigned,4.000,b09a75c9bedaeb04b5f93b0f021e41a09c4a26b450282bdc99d03ea25a7c32df
gunshot/135528-6-5-0.wav,legacy-local-raw-unverified,gunshot,UNVERIFIED,false,false,unassigned,2.230,6feb607654ab1fde2c4b86cecf2fb89fb9a9efa2f7bd7e5d615ff7e243f54046
gunshot/135528-6-6-0.wav,legacy-local-raw-unverified,gunshot,UNVERIFIED,false,false,unassigned,2.008,56babf82224edf62ec3ffccdea95f03cf3150c809a865eb92cdaa52cfe93dbcc
gunshot/135528-6-7-0.wav,legacy-local-raw-unverified,gunshot,UNVERIFIED,false,false,unassigned,1.617,c14644ff6882a071b7ce9f92c0366d2b59f5f743a3cabd404ee4a83d246f3653
gunshot/135528-6-8-0.wav,legacy-local-raw-unverified,gunshot,UNVERIFIED,false,false,unassigned,1.280,9c6ca282968c71b44e845bef0aa2804cef56b560a7ead0109c2d97239e808933
gunshot/135528-6-9-0.wav,legacy-local-raw-unverified,gunshot,UNVERIFIED,false,false,unassigned,1.227,320cd5a94cdc3244e24bbba59f53e8e6cceb7689392519c17e6d4bd9ecaa0f8f
gunshot/135544-6-0-0.wav,legacy-local-raw-unverified,gunshot,UNVERIFIED,false,false,unassigned,2.328,30d0e96324015bd27c148807015f67a8d79f6f69a05a116ce687cf9616a9f6fd
gunshot/135544-6-1-0.wav,legacy-local-raw-unverified,gunshot,UNVERIFIED,false,false,unassigned,2.380,65e78f57ff3bfc0bf59b215d3565acac841f42e66cca42874ad87fcded7657f4
gunshot/135544-6-10-0.wav,legacy-local-raw-unverified,gunshot,UNVERIFIED,false,false,unassigned,0.940,1ed37a8c40030d9dd1ede98a5df091922f8962f6b7c373ab29005cc81bf5473b
gunshot/135544-6-11-0.wav,legacy-local-raw-unverified,gunshot,UNVERIFIED,false,false,unassigned,0.499,bf966240c440b7c2e46bc41af1cf8a9e7db51799b36e0fc604b3aef121c9a08d
gunshot/135544-6-12-0.wav,legacy-local-raw-unverified,gunshot,UNVERIFIED,false,false,unassigned,1.050,771a26be77ee25a470273fee5d2644d5b698dbd685ee4faa5be294fde430906f
gunshot/135544-6-13-0.wav,legacy-local-raw-unverified,gunshot,UNVERIFIED,false,false,unassigned,1.160,e18d03e8fb41e09730a497a57fe9de2fdc0368e3824b892378dc12cea905346c
gunshot/135544-6-14-0.wav,legacy-local-raw-unverified,gunshot,UNVERIFIED,false,false,unassigned,0.998,18c9616ae77a9a43a530c5942dc2703d5d1848d13bbef1884dba223c28a00109
gunshot/135544-6-15-0.wav,legacy-local-raw-unverified,gunshot,UNVERIFIED,false,false,unassigned,1.219,761e05b70430ac5ff6da838e65bfd2e292e6f3c2ca7b77780f113b9a088ef425
gunshot/135544-6-16-0.wav,legacy-local-raw-unverified,gunshot,UNVERIFIED,false,false,unassigned,1.440,94d70a9f66251d88122b1af4ca74a89ed2fd2a04b7d84461b1e8776d74fc446d
gunshot/135544-6-17-0.wav,legacy-local-raw-unverified,gunshot,UNVERIFIED,false,false,unassigned,1.607,b7e77b67f0d087268d925e917c99fdbc828175c885eed11806c1557d406af345
gunshot/135544-6-18-0.wav,legacy-local-raw-unverified,gunshot,UNVERIFIED,false,false,unassigned,1.829,7450460adddc52f2d1b1518831aeffbffdc8f9f23ebf4c4f2322b001165671b1
gunshot/135544-6-19-0.wav,legacy-local-raw-unverified,gunshot,UNVERIFIED,false,false,unassigned,1.718,0859c2aba4c6542b60e74ccd00f6724b7d303e8a7fb598949d7301f1a805bf92
gunshot/135544-6-2-0.wav,legacy-local-raw-unverified,gunshot,UNVERIFIED,false,false,unassigned,1.770,f3e7fa5ac0f0b4fea445900248ebd835537e519f933e8b0e53adf74595eec84c
gunshot/135544-6-3-0.wav,legacy-local-raw-unverified,gunshot,UNVERIFIED,false,false,unassigned,1.496,2288c6f8d55e5e5cd1804631588caaeae28bca4ee56de1e66000b56b3329dee5
gunshot/135544-6-4-0.wav,legacy-local-raw-unverified,gunshot,UNVERIFIED,false,false,unassigned,1.219,f9ce48712a7eee3b55aaba06afd037982a77bdeadc05c19217d3225d20559589
gunshot/135544-6-5-0.wav,legacy-local-raw-unverified,gunshot,UNVERIFIED,false,false,unassigned,1.660,fe7db81b5e117c70b1f74dc4f47b2cae4425edf409c2ef416afa1eb5823c2977
gunshot/135544-6-6-0.wav,legacy-local-raw-unverified,gunshot,UNVERIFIED,false,false,unassigned,1.496,d6801aaf507548f1427a9cfca222554ef58f88d2017c58e6277b867dc59c3d87
gunshot/135544-6-7-0.wav,legacy-local-raw-unverified,gunshot,UNVERIFIED,false,false,unassigned,1.330,6a41f9eaa6df77e5078ba00009f358c3bbb1fa4414d668f0172641a17651a664
gunshot/135544-6-8-0.wav,legacy-local-raw-unverified,gunshot,UNVERIFIED,false,false,unassigned,0.665,3cb0142d97d3257612709b94f1a8e91b1c58571396821f21fd3e81701966f5fe
gunshot/135544-6-9-0.wav,legacy-local-raw-unverified,gunshot,UNVERIFIED,false,false,unassigned,1.440,d2dd231285c12561ed40bae0fa766588f8d9a0bebbe2cb836d0a381f310189f8
gunshot/136399-6-0-0.wav,legacy-local-raw-unverified,gunshot,UNVERIFIED,false,false,unassigned,3.350,57b2fd6719d09357b7cd1b9bac14c878fb30a3e4340f31463895213e4e01fb99
gunshot/136399-6-1-0.wav,legacy-local-raw-unverified,gunshot,UNVERIFIED,false,false,unassigned,3.680,e8594e61e5ab702e163b1d876b542e02f16d757b996fcf27dc9dac7032ed6ff6
gunshot/136399-6-2-0.wav,legacy-local-raw-unverified,gunshot,UNVERIFIED,false,false,unassigned,3.250,86a27804af6890e9393aefd3d9815811c0dd5bee3f808cfddcd58d5aaa64e312
gunshot/136399-6-3-0.wav,legacy-local-raw-unverified,gunshot,UNVERIFIED,false,false,unassigned,2.947,b1ff5f4441421ea9717af08036f8e2ff5e732cb1560844037748f5a599b1537a
gunshot/136399-6-4-0.wav,legacy-local-raw-unverified,gunshot,UNVERIFIED,false,false,unassigned,1.956,1c00c6b9ee8ce89fcc02862d307b7b8aab6a38400614bb6039c1ff877b61cf8f
gunshot/136399-6-5-0.wav,legacy-local-raw-unverified,gunshot,UNVERIFIED,false,false,unassigned,2.360,77442c03b78fc85a3111da8c7516e51744e4e4e82527cb9a459f79eff1307341
gunshot/136399-6-6-0.wav,legacy-local-raw-unverified,gunshot,UNVERIFIED,false,false,unassigned,1.930,d7689e22ff95c8b56b898d940446cfa7ffa0c6fa18d9453ab716da40c04cb6e9
gunshot/136399-6-7-0.wav,legacy-local-raw-unverified,gunshot,UNVERIFIED,false,false,unassigned,2.617,534e685866231cb0ca24d633d3cff34923529b911b9274bc37283c31629d4703
gunshot/136399-6-8-0.wav,legacy-local-raw-unverified,gunshot,UNVERIFIED,false,false,unassigned,1.550,47bb9cef97fec927e12f09abcf49288a595defb803a51e85de78fefbfeb1b9c2
gunshot/136399-6-9-0.wav,legacy-local-raw-unverified,gunshot,UNVERIFIED,false,false,unassigned,2.030,014010e1f0f865ee5affd141315962310a4c771e3bbfe8e4afeb0779ce3e57d9
gunshot/145206-6-0-0.wav,legacy-local-raw-unverified,gunshot,UNVERIFIED,false,false,unassigned,1.240,54a801d62089214015d6fa3de0f9fff7c9b42ac59f037f8216bb4975435b8e8e
gunshot/145206-6-1-0.wav,legacy-local-raw-unverified,gunshot,UNVERIFIED,false,false,unassigned,1.470,82a12153d2913db466428a8e53f4a1fe658d9cc514772da9ff899e337fa627bd
gunshot/145206-6-2-0.wav,legacy-local-raw-unverified,gunshot,UNVERIFIED,false,false,unassigned,0.950,f551c8e76324406dcfc4fcbe4e8692b150e724e5014cf19fd781ecf5c2ddaa7a
gunshot/145206-6-3-0.wav,legacy-local-raw-unverified,gunshot,UNVERIFIED,false,false,unassigned,1.220,0e636a664f96f2dd6ff0d3a4d87b6f093d79eddeed7008371073fc6ad04194d4
gunshot/145206-6-4-0.wav,legacy-local-raw-unverified,gunshot,UNVERIFIED,false,false,unassigned,0.967,4be319125788830a82f3d1a0532b8ba59b2649b335ca5c870fa63b73d282cc63
gunshot/145206-6-5-0.wav,legacy-local-raw-unverified,gunshot,UNVERIFIED,false,false,unassigned,0.750,cd1927655d3df67e21074fcfc984430dd13f2a6a34413f34fde2bc783ce1b824
gunshot/145608-6-0-0.wav,legacy-local-raw-unverified,gunshot,UNVERIFIED,false,false,unassigned,1.009,109a8b98e4723cbcdc3f23b5e54cec21396edf084bafd31d27f5efa986535acc
gunshot/145608-6-1-0.wav,legacy-local-raw-unverified,gunshot,UNVERIFIED,false,false,unassigned,1.030,70a9e0df2698c1b943c456bdfdc01afede70e1b8ce8a99072dee0b8f06f8ce76
gunshot/145608-6-2-0.wav,legacy-local-raw-unverified,gunshot,UNVERIFIED,false,false,unassigned,0.958,4f916b2dfdf03fc8415cb8e60c59dbe88dc30d3ab894481a275bdf04727ff577
gunshot/145608-6-3-0.wav,legacy-local-raw-unverified,gunshot,UNVERIFIED,false,false,unassigned,0.907,f356c8d523f88ce8eaf805a87015403b61c28c357d8b70ffd120eddbedf269d8
gunshot/145609-6-0-0.wav,legacy-local-raw-unverified,gunshot,UNVERIFIED,false,false,unassigned,1.266,9cc269cce065bc0a852fbd2e33f9d548a3747c63faffe06abe4d09c3290be8ac
gunshot/145609-6-1-0.wav,legacy-local-raw-unverified,gunshot,UNVERIFIED,false,false,unassigned,1.087,9def95434528fcd809fc5589fe345977c262f1b23d319e033465a9c4540a329b
gunshot/145611-6-0-0.wav,legacy-local-raw-unverified,gunshot,UNVERIFIED,false,false,unassigned,1.157,68d2d8db2773ba549520aec8589f277a78322b46fd8271c3bccb9fcf48394ae6
gunshot/145611-6-1-0.wav,legacy-local-raw-unverified,gunshot,UNVERIFIED,false,false,unassigned,1.175,2f80b16836b172a876e8e658745c50cd9c95010087814066c917902f2e8911f5
gunshot/145611-6-2-0.wav,legacy-local-raw-unverified,gunshot,UNVERIFIED,false,false,unassigned,1.100,9b8c7c44eb4cc769c679fbdbb57a845ead987d9fd955ccf9f55782467b4c2a76
gunshot/145611-6-3-0.wav,legacy-local-raw-unverified,gunshot,UNVERIFIED,false,false,unassigned,1.119,18680546961d35835adab2d6319ade586e57192c4d45b5dbc108ba7c0ed9ab31
gunshot/145611-6-4-0.wav,legacy-local-raw-unverified,gunshot,UNVERIFIED,false,false,unassigned,1.060,b237b11ad8b3d191ecbc17bc3592aa09a4d482db47ec9ec59fdd00bb162b4070
gunshot/145612-6-0-0.wav,legacy-local-raw-unverified,gunshot,UNVERIFIED,false,false,unassigned,0.975,62727a9b97417aa67bfdf509b599ca08433a7e206811c0b97f93712915e4d017
gunshot/145612-6-1-0.wav,legacy-local-raw-unverified,gunshot,UNVERIFIED,false,false,unassigned,0.797,3d90fdf597038b6ba97b703052c24fb6f6ed3b264b0fb7ac2cf01346c5c61c0d
gunshot/145612-6-2-0.wav,legacy-local-raw-unverified,gunshot,UNVERIFIED,false,false,unassigned,0.910,e511f07ad8ba5ad06646806d284475cdae790e9ca99325294188ccda40f12ff5
gunshot/145612-6-3-0.wav,legacy-local-raw-unverified,gunshot,UNVERIFIED,false,false,unassigned,1.126,380932a52c22e45764c4f3e6539d1e38ad4330c242c03b627c49eae9403350f7
gunshot/145683-6-0-0.wav,legacy-local-raw-unverified,gunshot,UNVERIFIED,false,false,unassigned,1.230,dc3956832dcfc1594acf411d513f6006a3cb96752deb05967d8ae4a598d8a846
gunshot/145683-6-1-0.wav,legacy-local-raw-unverified,gunshot,UNVERIFIED,false,false,unassigned,1.380,f1f7d095095f0adfefb3e9b5824aba9312bb9ef17f4f951a4006ad3da04dd224
gunshot/145683-6-2-0.wav,legacy-local-raw-unverified,gunshot,UNVERIFIED,false,false,unassigned,0.920,76ac8dceb4b5a28ec0c47bf5b0a88dfc5975e9fbc8cb791ba8ca23f6bed4f6a3
gunshot/145683-6-3-0.wav,legacy-local-raw-unverified,gunshot,UNVERIFIED,false,false,unassigned,0.980,de7c656e9c12f3c447f635b9729bad772a007fde66b28a1f89383e972dac5e7d
gunshot/145683-6-4-0.wav,legacy-local-raw-unverified,gunshot,UNVERIFIED,false,false,unassigned,0.980,a2b70563bc4efc69753f86cc56fc8081b9306497b2a1c707ed6b617b3a2b0ccd
gunshot/145683-6-5-0.wav,legacy-local-raw-unverified,gunshot,UNVERIFIED,false,false,unassigned,0.500,995578143d019aeda68203cb9110b8a3c18a6d07636165576076f4c4eefe2ba2
gunshot/147317-6-0-0.wav,legacy-local-raw-unverified,gunshot,UNVERIFIED,false,false,unassigned,1.290,97116c01671a3ab94d9d2ca21e63a3fdf23d1fefa4e939c74ed310ebfedc2222
gunshot/148166-6-0-0.wav,legacy-local-raw-unverified,gunshot,UNVERIFIED,false,false,unassigned,1.020,6b25044312dcbd770cb81a43968a57f9eb1f8f2d067c8dd6558e636d39e89407
gunshot/148827-6-0-0.wav,legacy-local-raw-unverified,gunshot,UNVERIFIED,false,false,unassigned,0.950,79f2f9ed972cafb4961777267ceb0013a6d017652c41faa0131892ad325eddfe
gunshot/148827-6-1-0.wav,legacy-local-raw-unverified,gunshot,UNVERIFIED,false,false,unassigned,0.786,c82f9af6fa9fc1339319d8c0a0af61e4794bc564d80e3fc036393307c14dcf14
gunshot/148827-6-2-0.wav,legacy-local-raw-unverified,gunshot,UNVERIFIED,false,false,unassigned,0.770,678a4edf6d287f99bd4cc0718d9e57e63c84148f34d730c208dcd8b752a106bf
gunshot/148827-6-3-0.wav,legacy-local-raw-unverified,gunshot,UNVERIFIED,false,false,unassigned,1.018,5e7811415d93e80db83a3bcddd62e8abbcdbe9e4b44b6190fb5e4f9edbcfae45
gunshot/148827-6-4-0.wav,legacy-local-raw-unverified,gunshot,UNVERIFIED,false,false,unassigned,0.540,e8b169b1b9840c40e01673f071420d6ff1ffea2a3cdf05c5a222d6dea804df94
gunshot/148828-6-0-0.wav,legacy-local-raw-unverified,gunshot,UNVERIFIED,false,false,unassigned,1.148,c344484fb70f01f6ede6987e67d343848bba2934a17344f45ba54beb4fa640f1
gunshot/148828-6-1-0.wav,legacy-local-raw-unverified,gunshot,UNVERIFIED,false,false,unassigned,1.090,9ab17611c48d5e60ee55ce4f97084acc8917c3007cc111e615589b5537c517e5
gunshot/148833-6-0-0.wav,legacy-local-raw-unverified,gunshot,UNVERIFIED,false,false,unassigned,1.478,fd5294d772b8875dd13973852a8b0326064c896712500b8205a3e599a4828cfe
gunshot/148833-6-1-0.wav,legacy-local-raw-unverified,gunshot,UNVERIFIED,false,false,unassigned,1.880,f41ea459e388df75535c4a82dda4f07dc8805f36e855f4daae753ca7c76cd444
gunshot/148834-6-0-0.wav,legacy-local-raw-unverified,gunshot,UNVERIFIED,false,false,unassigned,0.660,9c9e9e6772bbdc6825c2168eb5c192890c362b7a9b4008ade3a2f660afb3ee1f
gunshot/148835-6-0-0.wav,legacy-local-raw-unverified,gunshot,UNVERIFIED,false,false,unassigned,0.819,4c8ffdcaad581a20470a824765d2ecf6ea3e80c7e292c80c52e090a5d9b17642
gunshot/148835-6-1-0.wav,legacy-local-raw-unverified,gunshot,UNVERIFIED,false,false,unassigned,0.940,89d0be4a6247ee5361e2a776191436f48d16e8c525818fe223735277a601e40f
gunshot/148835-6-2-0.wav,legacy-local-raw-unverified,gunshot,UNVERIFIED,false,false,unassigned,1.270,6b654d5869b3f9a9f463fb034c0d50c6a7b4909a3e7829e4b59c17f9aa0c271f
gunshot/148835-6-3-0.wav,legacy-local-raw-unverified,gunshot,UNVERIFIED,false,false,unassigned,1.490,9ea3d9caeaae878f4d214701544426498b0471db089e9e8bc8fb0458fd3fce7c
gunshot/148835-6-4-0.wav,legacy-local-raw-unverified,gunshot,UNVERIFIED,false,false,unassigned,0.700,7332ffac56a5ccc98c9d7a1ed254e914fe8ed538884e604e63f766ee8b912a8a
gunshot/148837-6-0-0.wav,legacy-local-raw-unverified,gunshot,UNVERIFIED,false,false,unassigned,1.208,b6016ae57304e66804e1544dfd0c3a6c3e7a474eebd79eab4f56f792f62b4539
gunshot/148837-6-1-0.wav,legacy-local-raw-unverified,gunshot,UNVERIFIED,false,false,unassigned,1.187,9ee4e384e5dc4454a85bcdd4ee87fd7c49eac547a47a88b5831604ba9d5361ee
gunshot/148837-6-2-0.wav,legacy-local-raw-unverified,gunshot,UNVERIFIED,false,false,unassigned,1.460,ab88727c5723f51488f15b8a8bc3972f254b02a4e9ed5a561bb68930e0e1f7be
gunshot/148838-6-0-0.wav,legacy-local-raw-unverified,gunshot,UNVERIFIED,false,false,unassigned,1.020,00515724dbba7b287e727e81d92b02f228261d9e6f3fe29fda0b345e85ec260c
gunshot/148838-6-1-0.wav,legacy-local-raw-unverified,gunshot,UNVERIFIED,false,false,unassigned,1.206,2fcbe6743887b605b86a028729cbf38528d84b18c5820e3d4a7cbae735d60622
gunshot/148838-6-2-0.wav,legacy-local-raw-unverified,gunshot,UNVERIFIED,false,false,unassigned,1.200,eb0c0fecc798af2f97a3e963d348edcc34ad2e1b155bb3af63ea70ebac4853a5
gunshot/148841-6-0-0.wav,legacy-local-raw-unverified,gunshot,UNVERIFIED,false,false,unassigned,1.520,7fe6e31f369b9d00069e7a2adff92e95e4903b7d3c41722ce1cb6a12257b4395
gunshot/148841-6-1-0.wav,legacy-local-raw-unverified,gunshot,UNVERIFIED,false,false,unassigned,1.330,56244958343343afc25c3b669789b3ee720981a25648c4b867600ffc7564257d
gunshot/148841-6-2-0.wav,legacy-local-raw-unverified,gunshot,UNVERIFIED,false,false,unassigned,1.656,8c788080c09f02d9603bcb4e1f1c977e0e4c52611535d73c29be07d7916927fa
gunshot/149177-6-0-0.wav,legacy-local-raw-unverified,gunshot,UNVERIFIED,false,false,unassigned,0.817,b170ec0511e0331cf4c43155ae7cf6c20dde0adffdce28cacfe72315a343b0c1
gunshot/151065-6-0-0.wav,legacy-local-raw-unverified,gunshot,UNVERIFIED,false,false,unassigned,1.596,df52846bfbca05fa39e812afd478d2c849e36f90a941dc39145b6967cae45c26
gunshot/151069-6-0-0.wav,legacy-local-raw-unverified,gunshot,UNVERIFIED,false,false,unassigned,1.850,c464af64316148310af2d7abed1b78ef876796bc343f07da211fda52143b9caf
gunshot/151071-6-0-0.wav,legacy-local-raw-unverified,gunshot,UNVERIFIED,false,false,unassigned,1.740,8d0b49a7a7c1963198af8148e479801e622c41ce84c57ee836ffe2210c72bf02
gunshot/156897-6-0-0.wav,legacy-local-raw-unverified,gunshot,UNVERIFIED,false,false,unassigned,3.440,8a3feb96d28314ac95ceb07a45e54bbca1c33cec12071fe2f2b79dde60d77e19
gunshot/157207-6-0-0.wav,legacy-local-raw-unverified,gunshot,UNVERIFIED,false,false,unassigned,2.928,a18e7b8c717cb95066d25cb3bada1db15a0f4abbbde8676164bb256319c78876
gunshot/157207-6-1-0.wav,legacy-local-raw-unverified,gunshot,UNVERIFIED,false,false,unassigned,3.200,77f16a3cbf5b397ca5e09752ee720a1345ce3dfb95fb71f7d1f925a8064fd110
gunshot/157207-6-10-0.wav,legacy-local-raw-unverified,gunshot,UNVERIFIED,false,false,unassigned,1.969,354a2eca25a32fd1592948ee2582a2cd0f6e26579c720e389b7b8a69dcc6f614
gunshot/157207-6-2-0.wav,legacy-local-raw-unverified,gunshot,UNVERIFIED,false,false,unassigned,1.169,7492b62e6a091869c76b5a86f1dac464fdb94aba3548f54a4884d00edf6d403f
gunshot/157207-6-3-0.wav,legacy-local-raw-unverified,gunshot,UNVERIFIED,false,false,unassigned,0.897,92ea5c33901d483c7dc58295c86dcdf9f68981e5cf7010723b3ef35eba3f78e7
gunshot/157207-6-4-0.wav,legacy-local-raw-unverified,gunshot,UNVERIFIED,false,false,unassigned,0.940,543492e09493d8ca38d013f7c6d97b2c9aad0a5184ee91c1940d9c03fe2b2e9f
gunshot/157207-6-5-0.wav,legacy-local-raw-unverified,gunshot,UNVERIFIED,false,false,unassigned,2.078,975e0beba496f87fd591e9ced6a586f877f7802d7b3920ea23ceb84c3b7bf89e
gunshot/157207-6-6-0.wav,legacy-local-raw-unverified,gunshot,UNVERIFIED,false,false,unassigned,1.260,eed4db2984045d456eb423f7da5edcb6271b90ae18cdbe5fd6d1d06b679fc672
gunshot/157207-6-7-0.wav,legacy-local-raw-unverified,gunshot,UNVERIFIED,false,false,unassigned,1.015,09f5b069d43346c6b7a2d336f5e92dee75c886a5917afdeb251c95a839891f6f
gunshot/157207-6-8-0.wav,legacy-local-raw-unverified,gunshot,UNVERIFIED,false,false,unassigned,1.039,8d771a6223e4a66963ae7eeecc9fbc98e588c0cb1fa4d53c1bfc78594d8f66ff
gunshot/157207-6-9-0.wav,legacy-local-raw-unverified,gunshot,UNVERIFIED,false,false,unassigned,2.090,ca783dace651ac344408eec2c94af881bf18258c4e6cbac80e1a7a26838cff74
gunshot/157799-6-0-0.wav,legacy-local-raw-unverified,gunshot,UNVERIFIED,false,false,unassigned,2.270,bf5e70705f499b78dc00aa0da262bfda3908746fedd6554fffa6d7f3c95d3b5e
gunshot/157800-6-0-0.wav,legacy-local-raw-unverified,gunshot,UNVERIFIED,false,false,unassigned,1.149,3cf8387eef7b56ce0547eec9a118a5aceccb68a2aa53a5fc2551fd1fd610ab9f
gunshot/157801-6-0-0.wav,legacy-local-raw-unverified,gunshot,UNVERIFIED,false,false,unassigned,2.530,91074b96d171d6dab01327ae2520d454572ba812a47346bc5f3a3760388d42c6
gunshot/158977-6-0-0.wav,legacy-local-raw-unverified,gunshot,UNVERIFIED,false,false,unassigned,1.887,8bda9ae0f6a3991584653f06d6ea74de625e44d0ea84c4557c0bc3c6703edfea
gunshot/158978-6-0-0.wav,legacy-local-raw-unverified,gunshot,UNVERIFIED,false,false,unassigned,1.738,f260f68ca2fbe8f4e25bedef746236b86fc0e538a0052995fa978030e2b99e41
gunshot/158979-6-0-0.wav,legacy-local-raw-unverified,gunshot,UNVERIFIED,false,false,unassigned,2.350,ba732389cad06937597dbc3de816ad39a2ecf8c201efbb90751a503dd2334512
gunshot/159701-6-0-0.wav,legacy-local-raw-unverified,gunshot,UNVERIFIED,false,false,unassigned,1.898,efab0b295891295539cee0c160298cd1994f25cb415ed4cfe801027694a8455b
gunshot/159701-6-1-0.wav,legacy-local-raw-unverified,gunshot,UNVERIFIED,false,false,unassigned,2.040,9a9e96ef984863fe79075804e96ec50a1ace94c0a79fc6d10e67e228e063486a
gunshot/159701-6-2-0.wav,legacy-local-raw-unverified,gunshot,UNVERIFIED,false,false,unassigned,1.560,46f3c4f2ba9b3376be282bbc1afa581ba07b78ae0ecee91ca452fb4d5106ebc6
gunshot/159701-6-3-0.wav,legacy-local-raw-unverified,gunshot,UNVERIFIED,false,false,unassigned,1.750,43a6a977e469575b33aa7ea58221abe155a33b58ae733ecd8cb1a135b5aeacda
gunshot/159701-6-4-0.wav,legacy-local-raw-unverified,gunshot,UNVERIFIED,false,false,unassigned,2.310,5efb252e884ce62196baeab2ec9bae330306751dcc4108aa35482ed4deb3cb98
gunshot/159701-6-5-0.wav,legacy-local-raw-unverified,gunshot,UNVERIFIED,false,false,unassigned,2.440,f5147782a842a24d59b5ab47905bc249f1b65e74395b872b67961a2bd4ab5cfd
gunshot/159701-6-6-0.wav,legacy-local-raw-unverified,gunshot,UNVERIFIED,false,false,unassigned,2.016,fe834b492246c9ac4258e74efc122889ed4629ff713611b5fec2901c7205a7ab
gunshot/159702-6-0-0.wav,legacy-local-raw-unverified,gunshot,UNVERIFIED,false,false,unassigned,0.598,652742c0b96f57251f4127b35810feab0ce4ffc8ef8bc67fda0b42cf8d90242c
gunshot/159702-6-1-0.wav,legacy-local-raw-unverified,gunshot,UNVERIFIED,false,false,unassigned,0.577,d139816baa95e3ced17e564f1c1ba2f5ec1979bb7008b2876481f9cbcc66ca8a
gunshot/159702-6-2-0.wav,legacy-local-raw-unverified,gunshot,UNVERIFIED,false,false,unassigned,0.590,aa48fe1099d100584f5eac78a304d2a6eda400516f7a4e0c7db2e87be19e5a78
gunshot/159702-6-3-0.wav,legacy-local-raw-unverified,gunshot,UNVERIFIED,false,false,unassigned,0.636,9b9088374dcea97b5f6124b063ceed50f600e128b3795021109369cf40c7b80f
gunshot/159702-6-4-0.wav,legacy-local-raw-unverified,gunshot,UNVERIFIED,false,false,unassigned,0.598,e5c6b744abaf0d3b0bb52fb504d0e552b0d537c69dc17a0cb68ddc267520a7af
gunshot/159702-6-5-0.wav,legacy-local-raw-unverified,gunshot,UNVERIFIED,false,false,unassigned,0.619,815e4986cb52e08032a00f50159316550311a48f57635b95d0073da61a0bd367
gunshot/159702-6-6-0.wav,legacy-local-raw-unverified,gunshot,UNVERIFIED,false,false,unassigned,2.080,37d734ee1bc0386076195fa142c21e280a22e205e2e9c8a1ee584f796c69ae0b
gunshot/159703-6-0-0.wav,legacy-local-raw-unverified,gunshot,UNVERIFIED,false,false,unassigned,1.870,db9b037c16a5c98f99ba74764a3960aa7a6451d69ddff05a1e77428c0f5799aa
gunshot/159704-6-0-0.wav,legacy-local-raw-unverified,gunshot,UNVERIFIED,false,false,unassigned,1.970,49264f17cd2a6f5e1559227d8fc486b3465309c60bc1bf75594de4feb90aa19c
gunshot/159705-6-0-0.wav,legacy-local-raw-unverified,gunshot,UNVERIFIED,false,false,unassigned,1.317,6f4d0ae44341b3996e6ff2fd602ea78b8b120444b8caeb90b1b37b2d979fbe3d
gunshot/159706-6-0-0.wav,legacy-local-raw-unverified,gunshot,UNVERIFIED,false,false,unassigned,1.630,2b5f00435bd5e2172dbadfb93a9880ae690376c89ab45502a6552b9d8e27966b
gunshot/159707-6-0-0.wav,legacy-local-raw-unverified,gunshot,UNVERIFIED,false,false,unassigned,2.130,f3113624b243ad403c73fcc0a4a4753a6d4a3f8aae5ad67350cfc80e80d8396e
gunshot/159708-6-0-0.wav,legacy-local-raw-unverified,gunshot,UNVERIFIED,false,false,unassigned,0.340,8a24ca6730e00e3d675c91cabdabb87b79a92eb07b3cdcd487067548d7906b8c
gunshot/159708-6-1-0.wav,legacy-local-raw-unverified,gunshot,UNVERIFIED,false,false,unassigned,0.285,39e09aa279e52cf90cea8d8a4320835f1968d5e7089b857504cf92e5ee71ad7a
gunshot/159708-6-2-0.wav,legacy-local-raw-unverified,gunshot,UNVERIFIED,false,false,unassigned,0.290,62ccf9f0deeb1f04d0c83dadf0a0e6a1954d470621a9052837453b92846d3b0a
gunshot/159708-6-3-0.wav,legacy-local-raw-unverified,gunshot,UNVERIFIED,false,false,unassigned,0.299,11e583761d0f4359a126329b1f90c2c6c43afd8c3e5446f70401dc267bb0f1d9
gunshot/159708-6-4-0.wav,legacy-local-raw-unverified,gunshot,UNVERIFIED,false,false,unassigned,0.300,7586a71a51b98fe8dac45e17e9cbf643cf1412c289915e67c3a393f94a282582
gunshot/159708-6-5-0.wav,legacy-local-raw-unverified,gunshot,UNVERIFIED,false,false,unassigned,0.306,c5a12ae6c93e8f9f97c1332ad024f1af5e76edf839b2c3a736f68a88af817888
gunshot/159708-6-6-0.wav,legacy-local-raw-unverified,gunshot,UNVERIFIED,false,false,unassigned,0.627,e3d6c1ac3b64e330c11424280fbbdbde7a30799ea18749b4de01c0b61701a06b
gunshot/159709-6-0-0.wav,legacy-local-raw-unverified,gunshot,UNVERIFIED,false,false,unassigned,1.920,4daf61693bd25cd19840e4c5732538886b72950f83a4742897cc883b933dfca1
gunshot/159710-6-0-0.wav,legacy-local-raw-unverified,gunshot,UNVERIFIED,false,false,unassigned,1.170,4004a5bccd88c918b9dea192793b9bf3c894420801047c9810471cc33495fd56
gunshot/161195-6-0-0.wav,legacy-local-raw-unverified,gunshot,UNVERIFIED,false,false,unassigned,0.800,fae460b587ea4e72efc1a7acca63725c095274949c81a94d53e3a2e47bdd5d3c
gunshot/162431-6-0-0.wav,legacy-local-raw-unverified,gunshot,UNVERIFIED,false,false,unassigned,1.080,a0686708f3441bf5682dc2515b78d1b3216199df9ed4608e3fbb33559fd4aadf
gunshot/162431-6-1-0.wav,legacy-local-raw-unverified,gunshot,UNVERIFIED,false,false,unassigned,1.097,9de2e41727302ba98b3af5a44ffdccf5cde115f3e018bc2c507d1d1c15c5a5b9
gunshot/162431-6-2-0.wav,legacy-local-raw-unverified,gunshot,UNVERIFIED,false,false,unassigned,0.636,ea9a3b29734dd953aff42b2ed62672db22dae18fc6466e0bc16a9b198665b2e4
gunshot/162431-6-3-0.wav,legacy-local-raw-unverified,gunshot,UNVERIFIED,false,false,unassigned,0.836,0709fcf403e530a3937cbcd2f77374c813018baa9537ca9a1333cf74be98f3ca
gunshot/162432-6-0-0.wav,legacy-local-raw-unverified,gunshot,UNVERIFIED,false,false,unassigned,1.060,eea9c0be6eef9355e9a8e9a0a2e65f2b2bde0bad72a0b60a3929fbcbd7e8df76
gunshot/162432-6-1-0.wav,legacy-local-raw-unverified,gunshot,UNVERIFIED,false,false,unassigned,1.090,67cb3ef87973491dee8e27b44ea8b5329eac84cdb5bce5f8912e7f394030075e
gunshot/162432-6-10-0.wav,legacy-local-raw-unverified,gunshot,UNVERIFIED,false,false,unassigned,0.995,d0495522a63b531fc7dcd7cfdd8e43554f6d363f2ddc1e0d197f7744d09ca028
gunshot/162432-6-11-0.wav,legacy-local-raw-unverified,gunshot,UNVERIFIED,false,false,unassigned,0.960,8fea0630c28d7305daeba582834c47b4ea4aba4ced4e319fad2f29817093153f
gunshot/162432-6-12-0.wav,legacy-local-raw-unverified,gunshot,UNVERIFIED,false,false,unassigned,1.010,a114d4dc653c0a36e2a5defc2bb18fa91d3cd4e58fe22a47280811ffb3589f8f
gunshot/162432-6-13-0.wav,legacy-local-raw-unverified,gunshot,UNVERIFIED,false,false,unassigned,0.830,7bd325f934874e923b7e2f3d9d4d264152ea4bf27bdca06fa4ea586027db5f2e
gunshot/162432-6-14-0.wav,legacy-local-raw-unverified,gunshot,UNVERIFIED,false,false,unassigned,0.577,60684bac3dfed5e8828c78c0a289894aabbbf055756a894a9734c929bc1fad1e
gunshot/162432-6-2-0.wav,legacy-local-raw-unverified,gunshot,UNVERIFIED,false,false,unassigned,1.076,ef1b16c1e7362cbe881fb3161f89a3bd18d165f6d7b9172f3a285ea5f20013ce
gunshot/162432-6-3-0.wav,legacy-local-raw-unverified,gunshot,UNVERIFIED,false,false,unassigned,1.140,a04d982f5d2759dae5549502db92dcd31e41c3e678cb7b58d0b45e07b753cc20
gunshot/162432-6-4-0.wav,legacy-local-raw-unverified,gunshot,UNVERIFIED,false,false,unassigned,1.028,35cc3f22b529f73b44eadce6b15b89d75c13c7d77e5d8df95fc3b2fcfd58d3d6
gunshot/162432-6-5-0.wav,legacy-local-raw-unverified,gunshot,UNVERIFIED,false,false,unassigned,1.076,9f4277cb3d946c53def8e20d21829d0b73800ae8eb9e02f474c71957c11b6845
gunshot/162432-6-6-0.wav,legacy-local-raw-unverified,gunshot,UNVERIFIED,false,false,unassigned,1.200,accb620a88d9574e6a57de47f71eab9a684ae05ac7cdb9a1650897495d65d726
gunshot/162432-6-7-0.wav,legacy-local-raw-unverified,gunshot,UNVERIFIED,false,false,unassigned,1.156,75182c54938e99ddaecfcc970bca3e0d17bc6622c5530e25ea49959414d21079
gunshot/162432-6-8-0.wav,legacy-local-raw-unverified,gunshot,UNVERIFIED,false,false,unassigned,1.076,cf53c66805fda58ede90db57186df48f8021adc345bafeb827bd52e56cd7e16d
gunshot/162432-6-9-0.wav,legacy-local-raw-unverified,gunshot,UNVERIFIED,false,false,unassigned,1.360,1bce5cb2304b6d40e8bb802bdfdfcc19015d2b787f1d063e4d69e153cde45256
gunshot/162433-6-0-0.wav,legacy-local-raw-unverified,gunshot,UNVERIFIED,false,false,unassigned,0.645,4d837a1e957b7da120f2c792db4a70b0f3c6ba34b1eac0b92393b843d4e285d4
gunshot/162433-6-1-0.wav,legacy-local-raw-unverified,gunshot,UNVERIFIED,false,false,unassigned,0.499,0946a4538aa291caf10ee8dde21bb56638d89838115d03a3a17ca7efecdfaa4e
gunshot/162433-6-2-0.wav,legacy-local-raw-unverified,gunshot,UNVERIFIED,false,false,unassigned,0.430,1e729155d972fc936e60c131a887ebbfd2c3225542533d43c5ca7f1a6f2e5260
gunshot/162433-6-3-0.wav,legacy-local-raw-unverified,gunshot,UNVERIFIED,false,false,unassigned,0.460,63ba8ed3a99dfab1de696492a4d40a71a6d0e3c3c541d5cb3f517364c3626e26
gunshot/162433-6-4-0.wav,legacy-local-raw-unverified,gunshot,UNVERIFIED,false,false,unassigned,0.537,2cf22cd18fbe43512563863bba2801ee1605b21c309e3060cab93902bbe801b7
gunshot/162433-6-5-0.wav,legacy-local-raw-unverified,gunshot,UNVERIFIED,false,false,unassigned,0.510,8cfe4765339d9a5b5a003549c8ae30034787d66494bf35f7beca5ad26bf925fb
gunshot/162433-6-6-0.wav,legacy-local-raw-unverified,gunshot,UNVERIFIED,false,false,unassigned,0.530,295a0e401dc53b56dde135200377c5b076789c8897ee91a262703a154c01fbc8
gunshot/162433-6-7-0.wav,legacy-local-raw-unverified,gunshot,UNVERIFIED,false,false,unassigned,0.440,fceb4bd3acb88c0dc5e08d5e80b63ad29e0ac76bee01c90fe299db7e3482981d
gunshot/162433-6-8-0.wav,legacy-local-raw-unverified,gunshot,UNVERIFIED,false,false,unassigned,0.430,6c07a1057143622ded15025fe368918f22ed880c94e3adc367b7fa3200d954fd
gunshot/162434-6-0-0.wav,legacy-local-raw-unverified,gunshot,UNVERIFIED,false,false,unassigned,0.818,1b968d8b960c5794fc893ca5655bab0cacbc3a20978f795427bfff76263b63a0
gunshot/162434-6-1-0.wav,legacy-local-raw-unverified,gunshot,UNVERIFIED,false,false,unassigned,0.730,e2d4fe47629bd7d3b39d3f7d89029fe146c1ce989452248e2ad5e4f24dedb9d6
gunshot/162434-6-2-0.wav,legacy-local-raw-unverified,gunshot,UNVERIFIED,false,false,unassigned,0.830,04d45e12c59896e0e1f83809b42856a03cc335441957841b409610fddc0d7029
gunshot/162435-6-0-0.wav,legacy-local-raw-unverified,gunshot,UNVERIFIED,false,false,unassigned,0.716,5778b80d874f4d41eef4ddd500015f65cbefee12ce3f2f226c515863bdf6f4e3
gunshot/162435-6-1-0.wav,legacy-local-raw-unverified,gunshot,UNVERIFIED,false,false,unassigned,0.716,a3609b382328f2701f25d54dcbed12e381d407ff8b362f3b9dfa62c335ae65c7
gunshot/162435-6-2-0.wav,legacy-local-raw-unverified,gunshot,UNVERIFIED,false,false,unassigned,0.570,e2aece0b4350d511c4c8fe0e889e0795c964c74712591156a43b427a42fe1e3c
gunshot/162435-6-3-0.wav,legacy-local-raw-unverified,gunshot,UNVERIFIED,false,false,unassigned,0.727,8c3086302c093a2934b0ed56418a0a1d6952f695b467feecc40d4c71f27c22eb
gunshot/162436-6-0-0.wav,legacy-local-raw-unverified,gunshot,UNVERIFIED,false,false,unassigned,1.797,7612a2235e83e390d3b494b96a9ba12afb50abfbf4b4004a84fbf2f35189fb46
gunshot/163460-6-0-0.wav,legacy-local-raw-unverified,gunshot,UNVERIFIED,false,false,unassigned,0.670,9e4841152d42efbe664a45eb07fe258a275d6030cf5b315bd60556758f7313e4
gunshot/164646-6-0-0.wav,legacy-local-raw-unverified,gunshot,UNVERIFIED,false,false,unassigned,0.787,173a3cb0ba8c9e8b47871197064ac9d64b476a35c27cec7c137f6cb000468f37
gunshot/164667-6-0-0.wav,legacy-local-raw-unverified,gunshot,UNVERIFIED,false,false,unassigned,0.746,687968329fddb299ce6777aaad425a2b9e53e7e0e9c83c950e0444251acd2b68
gunshot/169261-6-0-0.wav,legacy-local-raw-unverified,gunshot,UNVERIFIED,false,false,unassigned,1.660,f0b08812f9e1043eb2e9bfbea3a72f4e41a69c9c53a7c0be8e250f175ea9d962
gunshot/174282-6-0-0.wav,legacy-local-raw-unverified,gunshot,UNVERIFIED,false,false,unassigned,2.589,0ade5cc64b24d08c19436937fd7e86663d57edf9b26ebcc180445fb206f3a074
gunshot/174282-6-1-0.wav,legacy-local-raw-unverified,gunshot,UNVERIFIED,false,false,unassigned,2.620,8ded2e4590d231c3a2143d461e355b250b32430d2ca8a7bbaa17b97ec03ababa
gunshot/174282-6-2-0.wav,legacy-local-raw-unverified,gunshot,UNVERIFIED,false,false,unassigned,3.785,2ae6853c79e45dbb8827069b5d2af41880c6bba9424acec1f47ae381629b47bc
gunshot/174284-6-0-0.wav,legacy-local-raw-unverified,gunshot,UNVERIFIED,false,false,unassigned,2.549,d3ef0c9e93b9678bd4b3d3b8b941c338b2f061aafac55d09089a2464182f418a
gunshot/174284-6-1-0.wav,legacy-local-raw-unverified,gunshot,UNVERIFIED,false,false,unassigned,2.626,efb36120094d9ff3cac9072bbd51e8804d0c53ed29628ee4dd343617108d382d
gunshot/174284-6-2-0.wav,legacy-local-raw-unverified,gunshot,UNVERIFIED,false,false,unassigned,3.005,2b3c92f88fc6947375b8cd269589d7008a11066750d7726259db82e1e36eebfc
gunshot/174285-6-0-0.wav,legacy-local-raw-unverified,gunshot,UNVERIFIED,false,false,unassigned,2.558,ca22d762cebdddbbdca2f2ad89d1fe77ddf8d3d9bf60230d0432dfae077f87a3
gunshot/174285-6-1-0.wav,legacy-local-raw-unverified,gunshot,UNVERIFIED,false,false,unassigned,2.630,57c52378ffe7abbf1caa81e927cd6b59436685011a3f16b4a4fccc50d8296615
gunshot/174285-6-2-0.wav,legacy-local-raw-unverified,gunshot,UNVERIFIED,false,false,unassigned,3.720,1c4eafc3a6b2c2c6618af42461f6501440ea4ecac82fb4a2d2293d313bd290fd
gunshot/174287-6-0-0.wav,legacy-local-raw-unverified,gunshot,UNVERIFIED,false,false,unassigned,1.789,380ea50519709d2be51afff06ede261f9c74fe05ad4a1abfd9d5b9327e882299
gunshot/174287-6-1-0.wav,legacy-local-raw-unverified,gunshot,UNVERIFIED,false,false,unassigned,2.236,b715f52bb663838d1a26ae2b4e5e71fee61b5b94dd5141db2e23852364320f70
gunshot/174287-6-2-0.wav,legacy-local-raw-unverified,gunshot,UNVERIFIED,false,false,unassigned,1.970,0096ccb0f4e9b28889ac21e0c15624fee5a1159b5ea7d75cb5801fdedf9048a8
gunshot/174287-6-3-0.wav,legacy-local-raw-unverified,gunshot,UNVERIFIED,false,false,unassigned,1.835,7a99f0972db6f5ed749ff9e2c6d6dceac82b0b23b75105ea1be2028bc6b50fbf
gunshot/174289-6-0-0.wav,legacy-local-raw-unverified,gunshot,UNVERIFIED,false,false,unassigned,2.220,b6ff67bf9384ba12803fbadb7034e8893f7675adb54b03379fb6daae6514d11a
gunshot/174289-6-1-0.wav,legacy-local-raw-unverified,gunshot,UNVERIFIED,false,false,unassigned,2.349,7720a3581dcec4aeaf8ff18b0116e005884ed6b29155a1084156487a5416f9c5
gunshot/174289-6-2-0.wav,legacy-local-raw-unverified,gunshot,UNVERIFIED,false,false,unassigned,2.460,36b70ec23051bfa165e28e4b324770434bd384dcb43eee4571e5059d25b5e48b
gunshot/174289-6-3-0.wav,legacy-local-raw-unverified,gunshot,UNVERIFIED,false,false,unassigned,2.237,02e3d7f2363303c9ca31c288e92673ec4d5a7bcd7a34f3cd9af1a99a33e134a1
gunshot/174290-6-0-0.wav,legacy-local-raw-unverified,gunshot,UNVERIFIED,false,false,unassigned,2.090,e202af555ca1215d36d66cfe8470de8d517ed3e122cc91e821003b72e866de52
gunshot/174290-6-1-0.wav,legacy-local-raw-unverified,gunshot,UNVERIFIED,false,false,unassigned,2.530,468a035a5346be98e5b7c860767807392c5352c11880117e9dbac2c6ea20bf77
gunshot/174290-6-2-0.wav,legacy-local-raw-unverified,gunshot,UNVERIFIED,false,false,unassigned,2.320,97c1752520bfa9a14ea5c47cd89905ebe2f762b013af3fa0c6f586b098d2292e
gunshot/174290-6-3-0.wav,legacy-local-raw-unverified,gunshot,UNVERIFIED,false,false,unassigned,2.410,adac88ccfde313a23f031f1f405977a97d7cac744f33d653ae50b685e7e61d62
gunshot/174292-6-0-0.wav,legacy-local-raw-unverified,gunshot,UNVERIFIED,false,false,unassigned,2.929,f09983f419f4f0c27432bf70dc20a123c85d4b505ebf65e202226f990d8cf961
gunshot/174292-6-1-0.wav,legacy-local-raw-unverified,gunshot,UNVERIFIED,false,false,unassigned,2.890,904e8dbcbd70f9fec25cc3f23e27633cbd63f206d25968e369497f155fb5151c
gunshot/174292-6-2-0.wav,legacy-local-raw-unverified,gunshot,UNVERIFIED,false,false,unassigned,3.488,f7b72f0e21c59e0f0e05cd52c86c8709779453ebca80e5cd789b044a4ae3afd7
gunshot/174293-6-0-0.wav,legacy-local-raw-unverified,gunshot,UNVERIFIED,false,false,unassigned,2.460,aa801c10c5db4fe4c8274360c38b9cb36b3369762d0d4e60f65c9422c36e9a4a
gunshot/174293-6-1-0.wav,legacy-local-raw-unverified,gunshot,UNVERIFIED,false,false,unassigned,2.326,3c635107b91784b934d48e3afa197b08e6dce656f0120d8fb4ac1f4007b6a74f
gunshot/174293-6-2-0.wav,legacy-local-raw-unverified,gunshot,UNVERIFIED,false,false,unassigned,2.370,fa0bbed349ae09111672fe3830cc9dde58572d2921c93929c9fc17084b4ed02d
gunshot/174294-6-0-0.wav,legacy-local-raw-unverified,gunshot,UNVERIFIED,false,false,unassigned,2.536,afe02bc261392399e50dec61d8b6bffd1a13c48b4a1869ac9716d5a6faf56e09
gunshot/174294-6-1-0.wav,legacy-local-raw-unverified,gunshot,UNVERIFIED,false,false,unassigned,3.176,18e2286b7c5322512ea6f8b3dee3ba48f61ab10ded33adc702ee155ece349fb4
gunshot/174294-6-2-0.wav,legacy-local-raw-unverified,gunshot,UNVERIFIED,false,false,unassigned,3.080,7a75c7e8fb9bd78daa0e09bb345a4c3e477bc595fba33a96af2c348e1b79e98c
gunshot/180960-6-0-0.wav,legacy-local-raw-unverified,gunshot,UNVERIFIED,false,false,unassigned,2.070,9f2082a1cb56b971688a7ff36e1afab10fd487ab8a2f7a3e41105c91074d9f57
gunshot/191449-6-0-0.wav,legacy-local-raw-unverified,gunshot,UNVERIFIED,false,false,unassigned,1.630,bb69bff91eb861e5a76824a867a8f827c672c0a837bbecd0f7466241251d0632
gunshot/196400-6-0-0.wav,legacy-local-raw-unverified,gunshot,UNVERIFIED,false,false,unassigned,3.140,54024f20687ddee73f08928ea2f23b0dafa5035ba9629b2b36df923dc5efac8b
gunshot/197318-6-0-0.wav,legacy-local-raw-unverified,gunshot,UNVERIFIED,false,false,unassigned,1.530,5346c270f96aba751693d37c67808ef769a42be51f2d3bba9fb2dff692c64fe3
gunshot/197318-6-1-0.wav,legacy-local-raw-unverified,gunshot,UNVERIFIED,false,false,unassigned,1.807,5212275611d42f8d23f76af009c79a60aebcc82d541fb81dfa105fdd1e61f10c
gunshot/197318-6-10-0.wav,legacy-local-raw-unverified,gunshot,UNVERIFIED,false,false,unassigned,1.280,a08aaf35bde7a8c7529cdf47c343af99d8c6fc709c1ec57d98fcc0d8bd160a3e
gunshot/197318-6-11-0.wav,legacy-local-raw-unverified,gunshot,UNVERIFIED,false,false,unassigned,1.830,39de774496abf5360861e35dee5ed96b8506c672e2729c6f9264fecc2bf9de10
gunshot/197318-6-12-0.wav,legacy-local-raw-unverified,gunshot,UNVERIFIED,false,false,unassigned,1.330,efb71585718c465b1e7ec70dcf4d5fab558680036129973c66eebd70a7d35fde
gunshot/197318-6-2-0.wav,legacy-local-raw-unverified,gunshot,UNVERIFIED,false,false,unassigned,1.930,01b2844cb4dd4c5ede2998c17fa6f20f74fd91e9fb5c0228ee57f69c0b88d78f
gunshot/197318-6-3-0.wav,legacy-local-raw-unverified,gunshot,UNVERIFIED,false,false,unassigned,1.958,c2e606d2c257b1b7fbbcc875d36699e40b965927b35ceaecdbf7741b222ffeb2
gunshot/197318-6-4-0.wav,legacy-local-raw-unverified,gunshot,UNVERIFIED,false,false,unassigned,1.958,7d64f962573660e2eb9c2ce15b570803d50a9255b554fdae24c43eb74ab7e12f
gunshot/197318-6-5-0.wav,legacy-local-raw-unverified,gunshot,UNVERIFIED,false,false,unassigned,1.707,68829893f7644ca3759387026256524359c370164b96d58554adc112ed0d661e
gunshot/197318-6-6-0.wav,legacy-local-raw-unverified,gunshot,UNVERIFIED,false,false,unassigned,2.080,f7ac4bea15028023c10292d5345314c9342405d6fa8e74bfa2f13a81b1080a8d
gunshot/197318-6-7-0.wav,legacy-local-raw-unverified,gunshot,UNVERIFIED,false,false,unassigned,1.830,372451038ff2302c1ceb6d4c769ad54e488e72e999e46f3375c69efdb5941e78
gunshot/197318-6-8-0.wav,legacy-local-raw-unverified,gunshot,UNVERIFIED,false,false,unassigned,1.680,c426a72379c23e3d8588e7d69918c5fbfde8709ef0a3c4969e4919909cabe0d9
gunshot/197318-6-9-0.wav,legacy-local-raw-unverified,gunshot,UNVERIFIED,false,false,unassigned,1.930,03bb2c74635537f54416e1ae9788535e686d3867f9110d46916493ba794e3b0b
gunshot/197320-6-0-0.wav,legacy-local-raw-unverified,gunshot,UNVERIFIED,false,false,unassigned,2.050,33062ea23a8d6165b18b5e1a9837e2a8ba03732998ce852e69129015ce0748b3
gunshot/197320-6-1-0.wav,legacy-local-raw-unverified,gunshot,UNVERIFIED,false,false,unassigned,2.030,a6e0a0a790fd0a0fd05b66214d6c7353acff7ef7251039e1e0a9fbaf90803669
gunshot/197320-6-10-0.wav,legacy-local-raw-unverified,gunshot,UNVERIFIED,false,false,unassigned,2.630,ea465dd077eb9124985b735115a86922b53133024d702ed1c600826aefa14fb6
gunshot/197320-6-11-0.wav,legacy-local-raw-unverified,gunshot,UNVERIFIED,false,false,unassigned,3.020,534405a3c44ddfb17e5fba31fc756c7346358df6c3b3383e35c1561e2e4cea9d
gunshot/197320-6-12-0.wav,legacy-local-raw-unverified,gunshot,UNVERIFIED,false,false,unassigned,2.766,19e27924704ca62a11182736a3589a378ff7bca38a820d8263ec5864e26889fe
gunshot/197320-6-2-0.wav,legacy-local-raw-unverified,gunshot,UNVERIFIED,false,false,unassigned,2.376,5ffcab35fb5e4601cdbcba900cc35f11c4deb8bfc4274a94e1f1b52ecfbeb538
gunshot/197320-6-3-0.wav,legacy-local-raw-unverified,gunshot,UNVERIFIED,false,false,unassigned,2.510,c9cf64bd4b304380f87a8cd80356afd8c75ba53f0e08e8bc3ab94c61c4d711e9
gunshot/197320-6-4-0.wav,legacy-local-raw-unverified,gunshot,UNVERIFIED,false,false,unassigned,2.860,3656a3268f7cde3e4dba3be48976d4f4701153e293aaec671a5909a89f9dbfb3
gunshot/197320-6-5-0.wav,legacy-local-raw-unverified,gunshot,UNVERIFIED,false,false,unassigned,2.838,a67945790b742d561d5d150c0780f3a39eee7a287c6535b5cce75867ebf59c6f
gunshot/197320-6-6-0.wav,legacy-local-raw-unverified,gunshot,UNVERIFIED,false,false,unassigned,2.699,6f0bc71cf5cbd1ff217deeddd27efbd96c8819f6d01a1a07e49af21ed65ae565
gunshot/197320-6-7-0.wav,legacy-local-raw-unverified,gunshot,UNVERIFIED,false,false,unassigned,2.400,3965f881ea89d0c3af937c4b9e74984fc7f6a0008841df35ff1b80d4a98a1c32
gunshot/197320-6-8-0.wav,legacy-local-raw-unverified,gunshot,UNVERIFIED,false,false,unassigned,2.400,a612d6fff0a995f399bcfd6914730576199b301eeffe8629543d1c6d26ffc451
gunshot/197320-6-9-0.wav,legacy-local-raw-unverified,gunshot,UNVERIFIED,false,false,unassigned,2.420,f4ede6ec31bb1331106a81356b3f1d1f50ebcb42cc09b3c7ff9a2f0ada7ce5e4
gunshot/200460-6-0-0.wav,legacy-local-raw-unverified,gunshot,UNVERIFIED,false,false,unassigned,1.898,13f7f9b2c10e02281a4b0a63cebf99a9a1e798db686c7e95a7766e4a8de81f62
gunshot/200460-6-1-0.wav,legacy-local-raw-unverified,gunshot,UNVERIFIED,false,false,unassigned,1.806,e448490fefed81f498d85cba658e211356662584c4e9b874f265d390aa7c4817
gunshot/200460-6-2-0.wav,legacy-local-raw-unverified,gunshot,UNVERIFIED,false,false,unassigned,0.860,5d0e581f8331a6eb24d0be15dc13c91ab76a2b68a73d9add5d8b4e63725b7b20
gunshot/200460-6-3-0.wav,legacy-local-raw-unverified,gunshot,UNVERIFIED,false,false,unassigned,1.247,b2d3295f7d8de12e125180147c10a62dc49b4f06d2e1def006b57190b577f4b5
gunshot/200460-6-4-0.wav,legacy-local-raw-unverified,gunshot,UNVERIFIED,false,false,unassigned,0.857,a8107af05a3c8881aa534d00135ac0752eb5149cd8a6888dcb469b5d031c9b63
gunshot/200460-6-5-0.wav,legacy-local-raw-unverified,gunshot,UNVERIFIED,false,false,unassigned,1.087,5e0a779c2b42f98d013c1de4a7fe99fa189eba6cf2ea2622ac7ead2b5ed9801b
gunshot/205013-6-0-0.wav,legacy-local-raw-unverified,gunshot,UNVERIFIED,false,false,unassigned,1.497,d057c5bbafb39ae3d3e8c59008aea7c8ca2572c02f972c5e195d1fdd2023a0e4
gunshot/23161-6-0-0.wav,legacy-local-raw-unverified,gunshot,UNVERIFIED,false,false,unassigned,0.269,c798678e21b3d93a993f76e816bd3ccd119560aaa651d25585f6e9e3d07d7549
gunshot/23161-6-1-0.wav,legacy-local-raw-unverified,gunshot,UNVERIFIED,false,false,unassigned,0.316,23f0232593791f06d6246fbc71a18a6360160bea88e0c3cdb771a8c026712b9d
gunshot/24631-6-0-0.wav,legacy-local-raw-unverified,gunshot,UNVERIFIED,false,false,unassigned,0.256,874bc0e0189bb81688e085e8e9f4e6782c31415e4a3f79ac9c4b2d946b02a546
gunshot/24632-6-0-0.wav,legacy-local-raw-unverified,gunshot,UNVERIFIED,false,false,unassigned,0.490,3108450dfedf2c3c9da6b133ad6998367fa2c17cd52433b58eb85780ff0aa3a4
gunshot/24632-6-1-0.wav,legacy-local-raw-unverified,gunshot,UNVERIFIED,false,false,unassigned,0.280,e76aa77703235a8b5769e5450c65d8c5ae63c2cd7ed84fdbe7c149d93b71e97c
gunshot/24652-6-0-0.wav,legacy-local-raw-unverified,gunshot,UNVERIFIED,false,false,unassigned,0.480,f35d120b554499348d51d75267f4201f916084c85126b4d2e40aed9a9dbb2842
gunshot/25037-6-0-0.wav,legacy-local-raw-unverified,gunshot,UNVERIFIED,false,false,unassigned,1.330,ed16e520fbd2e798e78dca9216110a58883a5bc952bfb8cec9d5851e923416d1
gunshot/25037-6-1-0.wav,legacy-local-raw-unverified,gunshot,UNVERIFIED,false,false,unassigned,1.326,9d4e495502052bc1f4318749aadfa0dbe14da0174da82997f32a44ecff800d77
gunshot/25038-6-0-0.wav,legacy-local-raw-unverified,gunshot,UNVERIFIED,false,false,unassigned,1.680,5f55375c3b5e75d2cd5e06c55ef43a8399042da22565dc69ee116d67af1dc327
gunshot/25038-6-1-0.wav,legacy-local-raw-unverified,gunshot,UNVERIFIED,false,false,unassigned,1.395,b2ec4edf104cb2dacf4908df8668c014e38218bf9a15632656e1bd29b0dfc195
gunshot/25039-6-0-0.wav,legacy-local-raw-unverified,gunshot,UNVERIFIED,false,false,unassigned,1.700,2da2fcc0e1e0f72b4eaf58cb4bddb8366a598e155edb2b2942dbac185728a51f
gunshot/25039-6-1-0.wav,legacy-local-raw-unverified,gunshot,UNVERIFIED,false,false,unassigned,1.740,d38dfd13daa148d63656874feb21e86289d5a0efe4925c801848236028de97a6
gunshot/34708-6-0-0.wav,legacy-local-raw-unverified,gunshot,UNVERIFIED,false,false,unassigned,1.405,9b8d9043e9d39b6c68b20cd1504dcff3690c1d5f25acb86a203a1fc30f3db7f9
gunshot/34708-6-1-0.wav,legacy-local-raw-unverified,gunshot,UNVERIFIED,false,false,unassigned,1.350,e147d6275888c356cfce5c02a9762d1c77141d1dfbf0a837a1b7ea92e7cf4c59
gunshot/34708-6-2-0.wav,legacy-local-raw-unverified,gunshot,UNVERIFIED,false,false,unassigned,1.540,560e55a7d5a37facb8c5a6a65545540b11e3875ef53fc795c79c3bb2b2a40d69
gunshot/34708-6-3-0.wav,legacy-local-raw-unverified,gunshot,UNVERIFIED,false,false,unassigned,1.817,7938f9c5362abc7820d7c0fadf2933e7cb6b838ed15fbcb9b63d423c134c562f
gunshot/34708-6-4-0.wav,legacy-local-raw-unverified,gunshot,UNVERIFIED,false,false,unassigned,1.420,d34145103ebb896dc7c159ab766962addeaa89a3bb22bde2581fd2dd1b935ad1
gunshot/34708-6-5-0.wav,legacy-local-raw-unverified,gunshot,UNVERIFIED,false,false,unassigned,1.230,bc133e8cc0b7c96e2aebd335c1f251fcc400cafc496421fb9c104d08cc7889cb
gunshot/35799-6-0-0.wav,legacy-local-raw-unverified,gunshot,UNVERIFIED,false,false,unassigned,1.010,fff33ed07880618b9029b7ef888b166d85169d03113ddb9ba260994bc878ec27
gunshot/35800-6-0-0.wav,legacy-local-raw-unverified,gunshot,UNVERIFIED,false,false,unassigned,4.000,7b2b1c4e94ca2aa40ef2eab4bc9378e40f49733c76757ea87e3a8ea639013317
gunshot/36403-6-0-0.wav,legacy-local-raw-unverified,gunshot,UNVERIFIED,false,false,unassigned,0.750,9c801174dc7ad82e02bec8d71c10fd677ca877a6b07a615798a571b46c669ae6
gunshot/37236-6-0-0.wav,legacy-local-raw-unverified,gunshot,UNVERIFIED,false,false,unassigned,2.170,188cb4eb42612d9d1ad7f05c0169bf9f149b390b34b486c291841c84ef8c5907
gunshot/46654-6-0-0.wav,legacy-local-raw-unverified,gunshot,UNVERIFIED,false,false,unassigned,1.139,8d009da466287615f9e5f7a7bb087ef1a7a8db46c5cb6f4801fd35030e911eff
gunshot/46655-6-0-0.wav,legacy-local-raw-unverified,gunshot,UNVERIFIED,false,false,unassigned,1.190,c0d1502f538a99683a4e26a086215001ed01064d548bad7576b6be42782928e6
gunshot/46656-6-0-0.wav,legacy-local-raw-unverified,gunshot,UNVERIFIED,false,false,unassigned,1.418,c0e6a024fd8a604eeed076682b5d0ded9b3c119482b4ec48542aa1aca26f6b36
gunshot/46656-6-1-0.wav,legacy-local-raw-unverified,gunshot,UNVERIFIED,false,false,unassigned,1.317,c8fa4c5d4a237ed419bbf69febc8d2a5c5885ae017ad08de93bedf27f62b74e6
gunshot/46656-6-2-0.wav,legacy-local-raw-unverified,gunshot,UNVERIFIED,false,false,unassigned,1.497,823a7d01e361badb2ee63ac3e2022bd3b8d1e7de6f663ee1136bab8fb1cacc6e
gunshot/46656-6-3-0.wav,legacy-local-raw-unverified,gunshot,UNVERIFIED,false,false,unassigned,1.418,0b609e3bc9dcf3628edcb1f0c0933277b2ae2fcec60ea36180ba1826fb5ab9ed
gunshot/46656-6-4-0.wav,legacy-local-raw-unverified,gunshot,UNVERIFIED,false,false,unassigned,1.508,38eeadaa933a44d7cbcb6ccd8f91b69d65c76947a2c531f9bc569594f4abc928
gunshot/46656-6-5-0.wav,legacy-local-raw-unverified,gunshot,UNVERIFIED,false,false,unassigned,1.350,d2deeb726b8f06637f095e0ce15ccfc26afd532ada930e1e031bb73a75e878a3
gunshot/50618-6-0-0.wav,legacy-local-raw-unverified,gunshot,UNVERIFIED,false,false,unassigned,1.330,9ddff002331d068457b456090d675b84205f33bb2e70707a20ed59d558770e30
gunshot/52284-6-0-0.wav,legacy-local-raw-unverified,gunshot,UNVERIFIED,false,false,unassigned,0.768,fe0eff7657a228daec908aad7714547d0612183830372765dae87a1a3b3a6dae
gunshot/52357-6-0-0.wav,legacy-local-raw-unverified,gunshot,UNVERIFIED,false,false,unassigned,0.870,02afa64a26b0c90e0205e4345e1dd49f34992dd3eb6697a7954e41f24723fad9
gunshot/64346-6-0-0.wav,legacy-local-raw-unverified,gunshot,UNVERIFIED,false,false,unassigned,1.500,1d06088ac1efcb259e3c41a00da9098c66f9ae9aab445220c3a8728046825cf6
gunshot/7060-6-0-0.wav,legacy-local-raw-unverified,gunshot,UNVERIFIED,false,false,unassigned,1.440,e550522266572d2ff0db2384c7c69ae31d8dde0ff36e5ff393b8c7f3fe592fab
gunshot/7060-6-1-0.wav,legacy-local-raw-unverified,gunshot,UNVERIFIED,false,false,unassigned,1.550,67fcefa5cb93459834d1744b0c9c128e715ac1b4503820db866fe6ea0d064c84
gunshot/7060-6-2-0.wav,legacy-local-raw-unverified,gunshot,UNVERIFIED,false,false,unassigned,1.600,1be00f3b706c4858a724c4564782df7d18afe1ebfef098370493ebe0f239a8c8
gunshot/7061-6-0-0.wav,legacy-local-raw-unverified,gunshot,UNVERIFIED,false,false,unassigned,2.250,910bcd756061f63f146de7a22743970d9489ae64d8938868a2c60745f120aa2d
gunshot/7062-6-0-0.wav,legacy-local-raw-unverified,gunshot,UNVERIFIED,false,false,unassigned,1.367,955154387e073f82ec96cf1f81f7befe8f60ddba5a3e62f3c6daa4d8ae7b42b2
gunshot/7063-6-0-0.wav,legacy-local-raw-unverified,gunshot,UNVERIFIED,false,false,unassigned,1.766,b856a6b2db1e2eff7cb914d58e8e419371159998f857e87549ba973382a69eca
gunshot/7064-6-0-0.wav,legacy-local-raw-unverified,gunshot,UNVERIFIED,false,false,unassigned,1.410,fa424019b3527c95b2e30998eaad10c0887cc092837223117a792c45e3fc403e
gunshot/7064-6-1-0.wav,legacy-local-raw-unverified,gunshot,UNVERIFIED,false,false,unassigned,1.227,443126d009221e5bf293da7fb1170a68c1b70fcde67f5719d06ab1bf2f11fd33
gunshot/7064-6-2-0.wav,legacy-local-raw-unverified,gunshot,UNVERIFIED,false,false,unassigned,1.170,c396e8c892baf4b65c427b3195a1a9ac75d38b778ed4f55480552274f4114119
gunshot/7064-6-3-0.wav,legacy-local-raw-unverified,gunshot,UNVERIFIED,false,false,unassigned,1.190,0e85e5ce46f27c43f70370607bf3d201c1e98f65ca57f4546bfa7cfb42177fcd
gunshot/7064-6-4-0.wav,legacy-local-raw-unverified,gunshot,UNVERIFIED,false,false,unassigned,1.330,d0578ba67af746621c55e45b4ac7b89486b31baa2cce43ae560cf7227cf70595
gunshot/7064-6-5-0.wav,legacy-local-raw-unverified,gunshot,UNVERIFIED,false,false,unassigned,1.949,2569cdc68c7926fcead9fd14d0ef58b0118afee364e8c9439c8a3bf6329cdc7a
gunshot/7065-6-0-0.wav,legacy-local-raw-unverified,gunshot,UNVERIFIED,false,false,unassigned,3.020,fd44f0b675df97bb921eadc64f4456397822b34ce524b5b3ef377f2b124a92a3
gunshot/7066-6-0-0.wav,legacy-local-raw-unverified,gunshot,UNVERIFIED,false,false,unassigned,0.819,3e48621863c3483dde7372b36c9513e83445211a157ec2a19f74188ab935e1ca
gunshot/7066-6-1-0.wav,legacy-local-raw-unverified,gunshot,UNVERIFIED,false,false,unassigned,3.166,94728d8311749d6d36ea08422f4e109aa37db43e2a2aece63f0ba923a4fb1379
gunshot/7067-6-0-0.wav,legacy-local-raw-unverified,gunshot,UNVERIFIED,false,false,unassigned,2.729,40507a0c0642f3754d3f613fd42810fac7ef49eac54f7cecec1d78ca47cc0daa
gunshot/7068-6-0-0.wav,legacy-local-raw-unverified,gunshot,UNVERIFIED,false,false,unassigned,2.189,630026af11cb1c4ff73887b5650b7bbd2f8c67d5c7b2ae94b355768c313ad547
gunshot/76089-6-0-0.wav,legacy-local-raw-unverified,gunshot,UNVERIFIED,false,false,unassigned,0.577,6a513d78d4581a3a46b9ce4d4c5b04f5c3abc6758f58c8a6b0701c6f6b9e214a
gunshot/76090-6-0-0.wav,legacy-local-raw-unverified,gunshot,UNVERIFIED,false,false,unassigned,0.478,05b7ce51f7b4a3d221828f7674927dbc0c6ff9723c79ec15561f0822c44a8e55
gunshot/76090-6-1-0.wav,legacy-local-raw-unverified,gunshot,UNVERIFIED,false,false,unassigned,0.369,92efdb0dc21dea68d08f884b563859305671df01e71d582fa681815be0343f48
gunshot/76091-6-0-0.wav,legacy-local-raw-unverified,gunshot,UNVERIFIED,false,false,unassigned,0.409,87aff86c34bedd0cd31969bb721a61fcbf420ce177a694f69cb0cf0d8fc6f711
gunshot/76091-6-1-0.wav,legacy-local-raw-unverified,gunshot,UNVERIFIED,false,false,unassigned,0.418,1ac2d81a7278a56f239dd22aae30de02675999555684da6e5b2e3d7d32bcad31
gunshot/76091-6-2-0.wav,legacy-local-raw-unverified,gunshot,UNVERIFIED,false,false,unassigned,0.196,55ad9e3c83d9ed7eeed134e8f2929cfabc54a1f860cdb9fad95d1106b817d3c7
gunshot/76091-6-3-0.wav,legacy-local-raw-unverified,gunshot,UNVERIFIED,false,false,unassigned,0.179,56850f1e149d701e99818e2f9b32eb28a52069e3dfe265f5bef8f44905540d26
gunshot/76091-6-4-0.wav,legacy-local-raw-unverified,gunshot,UNVERIFIED,false,false,unassigned,0.166,5c5ea3d3cd56705ef0756320bc8e641c68f88b49c7afd5cca95c11f707274e03
gunshot/76091-6-5-0.wav,legacy-local-raw-unverified,gunshot,UNVERIFIED,false,false,unassigned,0.610,13c9455c9a0a03b8494deff4cb2bf1e5bd7be0cfe5dabaf8bf4241fdc2d960fe
gunshot/76093-6-0-0.wav,legacy-local-raw-unverified,gunshot,UNVERIFIED,false,false,unassigned,0.870,ea008e93ebf08f89ee9926b4b0906a0f802d391477c13c0a52690af5e94422d4
gunshot/76093-6-1-0.wav,legacy-local-raw-unverified,gunshot,UNVERIFIED,false,false,unassigned,0.630,d783718e1c689fa490e537675750bbc4d47578024d30f3e8491b2aacc333a414
gunshot/76094-6-0-0.wav,legacy-local-raw-unverified,gunshot,UNVERIFIED,false,false,unassigned,0.910,7f76aae3fe6c5408b1c716ce08e60cda9ed1b0f209de9904db4391bbccd80b8e
gunshot/76094-6-1-0.wav,legacy-local-raw-unverified,gunshot,UNVERIFIED,false,false,unassigned,1.036,98cb6960111c6e4f5f5d8529361423c09b8d0d9f5f00e14aeb78de81bb86e890
gunshot/77246-6-0-0.wav,legacy-local-raw-unverified,gunshot,UNVERIFIED,false,false,unassigned,1.327,5ac4230baa9cfa527013ebb83d97eb45f14ec994d6f511fb138304774bc7dd79
gunshot/77247-6-0-0.wav,legacy-local-raw-unverified,gunshot,UNVERIFIED,false,false,unassigned,0.648,0790162a0ec62918557ba1a069c3be10230923c5b00354171605d76481d9793b
gunshot/78776-6-0-0.wav,legacy-local-raw-unverified,gunshot,UNVERIFIED,false,false,unassigned,2.518,27b2593ec1c617457aa1e26c1373e13d1b94542360abb5e140311868d151e6b1
gunshot/84254-6-0-0.wav,legacy-local-raw-unverified,gunshot,UNVERIFIED,false,false,unassigned,1.055,16faaf2e670baed0ed87a55f8bfab8a568be8ffbc592fb3c0d726e9da682c722
gunshot/86278-6-0-0.wav,legacy-local-raw-unverified,gunshot,UNVERIFIED,false,false,unassigned,1.137,df3a9e9526e4169839dbd8fa5ec28939d25368499d0b3052b0d9a6805d542000
gunshot/87562-6-0-0.wav,legacy-local-raw-unverified,gunshot,UNVERIFIED,false,false,unassigned,3.040,1f62f0145b7429f3af7c9e911dc7900c37f09b34a300b43d29d3a50c61e5f283
gunshot/93139-6-0-0.wav,legacy-local-raw-unverified,gunshot,UNVERIFIED,false,false,unassigned,1.447,36641247b732124b0f23308ff3e043f57852bce68dff17160a5486ef3b799ad8
